<?xml-stylesheet type="text/xsl" href="..\..\dco.xsl"?>
<P id="05010000">
<F id="AccountNumber">
	<V n="STATUS">0</V>
	<V n="TYPE">AccountNumber</V>
	<V n="entityType">ADP</V>
	<V n="Position">325,129,476,151</V>
	<V n="l">325</V>
	<V n="t">129</V>
	<V n="r">476</V>
	<V n="b">151</V>
	<V n="entityName">AccountNumber</V>
	<V n="KeyMatch">Account No.</V>
	<V n="KeyPosition">142,131,290,151</V>
	<V n="confidence">100</V>
	<V n="validityPercentage">100</V>
	<V n="label">AccountNumber</V>
	<V n="subMatch1">0068411356</V>
	<V n="ADPKeyClassName">AccountNumber</V>
	<V n="ADPKeyClassConfidence">High</V>
	<V n="ADPSensitivity">False</V>
	<V n="TextLength">10</V>
	<C cn="10" cr="0,0,0,0">48</C>
	<C cn="10" cr="0,0,0,0">48</C>
	<C cn="10" cr="0,0,0,0">54</C>
	<C cn="10" cr="0,0,0,0">56</C>
	<C cn="10" cr="0,0,0,0">52</C>
	<C cn="10" cr="0,0,0,0">49</C>
	<C cn="10" cr="0,0,0,0">49</C>
	<C cn="10" cr="0,0,0,0">51</C>
	<C cn="10" cr="0,0,0,0">53</C>
	<C cn="10" cr="0,0,0,0">54</C>
</F>
<F id="CustomerName">
	<V n="STATUS">0</V>
	<V n="TYPE">CustomerName</V>
	<V n="entityType">ADP</V>
	<V n="Position">439,634,651,662</V>
	<V n="l">439</V>
	<V n="t">634</V>
	<V n="r">651</V>
	<V n="b">662</V>
	<V n="entityName">CustomerName</V>
	<V n="KeyMatch">Customer Name</V>
	<V n="KeyPosition">166,634,384,657</V>
	<V n="confidence">100</V>
	<V n="validityPercentage">100</V>
	<V n="label">CustomerName</V>
	<V n="subMatch1">Brenda J Briggs</V>
	<V n="ADPKeyClassName">CustomerName</V>
	<V n="ADPKeyClassConfidence">High</V>
	<V n="ADPSensitivity">False</V>
	<C cn="10" cr="0,0,0,0">66</C>
	<C cn="10" cr="0,0,0,0">114</C>
	<C cn="10" cr="0,0,0,0">101</C>
	<C cn="10" cr="0,0,0,0">110</C>
	<C cn="10" cr="0,0,0,0">100</C>
	<C cn="10" cr="0,0,0,0">97</C>
	<C cn="10" cr="0,0,0,0">32</C>
	<C cn="10" cr="0,0,0,0">74</C>
	<C cn="10" cr="0,0,0,0">32</C>
	<C cn="10" cr="0,0,0,0">66</C>
	<C cn="10" cr="0,0,0,0">114</C>
	<C cn="10" cr="0,0,0,0">105</C>
	<C cn="10" cr="0,0,0,0">103</C>
	<C cn="10" cr="0,0,0,0">103</C>
	<C cn="10" cr="0,0,0,0">115</C>
</F>
<F id="ServiceAddress">
	<V n="STATUS">0</V>
	<V n="TYPE">ServiceAddress</V>
	<V n="entityType">ADP</V>
	<V n="Position">169,681,688,751</V>
	<V n="l">169</V>
	<V n="t">681</V>
	<V n="r">688</V>
	<V n="b">751</V>
	<V n="entityName">ServiceAddress</V>
	<V n="KeyMatch">Service Address</V>
	<V n="KeyPosition">166,681,404,705</V>
	<V n="confidence">100</V>
	<V n="validityPercentage">100</V>
	<V n="label">ServiceAddress</V>
	<V n="subMatch1">3009 Luke Lane Bokchito Oklahoma</V>
	<V n="ADPKeyClassName">ServiceAddress</V>
	<V n="ADPKeyClassConfidence">High</V>
	<V n="ADPSensitivity">False</V>
	<V n="TextLength">32</V>
	<V n="MESSAGE">The ServiceAddress field length is 32 characters. A length &lt;=2 5 is expected.</V>
	<C cn="10" cr="0,0,0,0">51</C>
	<C cn="10" cr="0,0,0,0">48</C>
	<C cn="10" cr="0,0,0,0">48</C>
	<C cn="10" cr="0,0,0,0">57</C>
	<C cn="10" cr="0,0,0,0">32</C>
	<C cn="10" cr="0,0,0,0">76</C>
	<C cn="10" cr="0,0,0,0">117</C>
	<C cn="10" cr="0,0,0,0">107</C>
	<C cn="10" cr="0,0,0,0">101</C>
	<C cn="10" cr="0,0,0,0">32</C>
	<C cn="10" cr="0,0,0,0">76</C>
	<C cn="10" cr="0,0,0,0">97</C>
	<C cn="10" cr="0,0,0,0">110</C>
	<C cn="10" cr="0,0,0,0">101</C>
	<C cn="10" cr="0,0,0,0">32</C>
	<C cn="10" cr="0,0,0,0">66</C>
	<C cn="10" cr="0,0,0,0">111</C>
	<C cn="10" cr="0,0,0,0">107</C>
	<C cn="10" cr="0,0,0,0">99</C>
	<C cn="10" cr="0,0,0,0">104</C>
	<C cn="10" cr="0,0,0,0">105</C>
	<C cn="10" cr="0,0,0,0">116</C>
	<C cn="10" cr="0,0,0,0">111</C>
	<C cn="10" cr="0,0,0,0">32</C>
	<C cn="10" cr="0,0,0,0">79</C>
	<C cn="10" cr="0,0,0,0">107</C>
	<C cn="10" cr="0,0,0,0">108</C>
	<C cn="10" cr="0,0,0,0">97</C>
	<C cn="10" cr="0,0,0,0">104</C>
	<C cn="10" cr="0,0,0,0">111</C>
	<C cn="10" cr="0,0,0,0">109</C>
	<C cn="10" cr="0,0,0,0">97</C>
</F>
<F id="PreviousBalance">
	<V n="STATUS">0</V>
	<V n="TYPE">PreviousBalance</V>
	<V n="entityType">ADP</V>
	<V n="Position">697,1030,1055,1090</V>
	<V n="l">697</V>
	<V n="t">1030</V>
	<V n="r">1055</V>
	<V n="b">1090</V>
	<V n="entityName">PreviousBalance</V>
	<V n="KeyMatch">Previous Balance</V>
	<V n="KeyPosition">142,1030,697,1090</V>
	<V n="confidence">100</V>
	<V n="validityPercentage">100</V>
	<V n="label">PreviousBalance</V>
	<V n="subMatch1">34.67</V>
	<V n="ADPKeyClassName">PreviousBalance</V>
	<V n="ADPKeyClassConfidence">High</V>
	<V n="ADPSensitivity">False</V>
	<V n="TextLength">5</V>
	<C cn="10" cr="0,0,0,0">51</C>
	<C cn="10" cr="0,0,0,0">52</C>
	<C cn="10" cr="0,0,0,0">46</C>
	<C cn="10" cr="0,0,0,0">54</C>
	<C cn="10" cr="0,0,0,0">55</C>
</F>
<F id="UnpaidBalance">
	<V n="STATUS">0</V>
	<V n="TYPE">UnpaidBalance</V>
	<V n="entityType">ADP</V>
	<V n="Position">825,1053,902,1076</V>
	<V n="l">825</V>
	<V n="t">1053</V>
	<V n="r">902</V>
	<V n="b">1076</V>
	<V n="entityName">UnpaidBalance</V>
	<V n="KeyMatch">Balance</V>
	<V n="KeyPosition">283,1056,400,1079</V>
	<V n="confidence">100</V>
	<V n="validityPercentage">100</V>
	<V n="label">UnpaidBalance</V>
	<V n="subMatch1">34.67</V>
	<V n="ADPKeyClassName">UnpaidBalance</V>
	<V n="ADPKeyClassConfidence">High</V>
	<V n="ADPSensitivity">False</V>
	<C cn="10" cr="0,0,0,0">51</C>
	<C cn="10" cr="0,0,0,0">52</C>
	<C cn="10" cr="0,0,0,0">46</C>
	<C cn="10" cr="0,0,0,0">54</C>
	<C cn="10" cr="0,0,0,0">55</C>
</F>
<F id="PaymentReceived">
	<V n="STATUS">0</V>
	<V n="TYPE">PaymentReceived</V>
	<V n="entityType">ADP</V>
	<V n="Position">697,1091,1055,1140</V>
	<V n="l">697</V>
	<V n="t">1091</V>
	<V n="r">1055</V>
	<V n="b">1140</V>
	<V n="entityName">PaymentReceived</V>
	<V n="KeyMatch">Payment Received</V>
	<V n="KeyPosition">142,1091,697,1140</V>
	<V n="confidence">100</V>
	<V n="validityPercentage">100</V>
	<V n="label">PaymentReceived</V>
	<V n="subMatch1">-34.67</V>
	<V n="ADPKeyClassName">PaymentReceived</V>
	<V n="ADPKeyClassConfidence">High</V>
	<V n="ADPSensitivity">False</V>
	<V n="TextLength">6</V>
	<C cn="10" cr="0,0,0,0">45</C>
	<C cn="10" cr="0,0,0,0">51</C>
	<C cn="10" cr="0,0,0,0">52</C>
	<C cn="10" cr="0,0,0,0">46</C>
	<C cn="10" cr="0,0,0,0">54</C>
	<C cn="10" cr="0,0,0,0">55</C>
</F>
<F id="DueDate">
	<V n="STATUS">0</V>
	<V n="TYPE">DueDate</V>
	<V n="entityType">ADP</V>
	<V n="Position">1303,1723,1499,1746</V>
	<V n="l">1303</V>
	<V n="t">1723</V>
	<V n="r">1499</V>
	<V n="b">1746</V>
	<V n="entityName">DueDate</V>
	<V n="KeyMatch">Due On</V>
	<V n="KeyPosition">1101,1723,1199,1746</V>
	<V n="confidence">100</V>
	<V n="validityPercentage">100</V>
	<V n="label">DueDate</V>
	<V n="subMatch1">2015-03-25</V>
	<V n="ADPKeyClassName">DueDate</V>
	<V n="ADPKeyClassConfidence">High</V>
	<V n="ADPSensitivity">False</V>
	<V n="TextLength">10</V>
	<V n="MESSAGE">The DueDate field length is 10 characters. A length &gt; 30 is expected.</V>
	<C cn="10" cr="0,0,0,0">50</C>
	<C cn="10" cr="0,0,0,0">48</C>
	<C cn="10" cr="0,0,0,0">49</C>
	<C cn="10" cr="0,0,0,0">53</C>
	<C cn="10" cr="0,0,0,0">45</C>
	<C cn="10" cr="0,0,0,0">48</C>
	<C cn="10" cr="0,0,0,0">51</C>
	<C cn="10" cr="0,0,0,0">45</C>
	<C cn="10" cr="0,0,0,0">50</C>
	<C cn="10" cr="0,0,0,0">53</C>
</F>
<F id="StatementDate">
	<V n="STATUS">0</V>
	<V n="TYPE">StatementDate</V>
	<V n="entityType">ADP</V>
	<V n="Position">1063,532,1238,554</V>
	<V n="l">1063</V>
	<V n="t">532</V>
	<V n="r">1238</V>
	<V n="b">554</V>
	<V n="entityName">StatementDate</V>
	<V n="KeyMatch">Bill Saving Tips</V>
	<V n="KeyPosition">1063,495,1255,516</V>
	<V n="confidence">100</V>
	<V n="validityPercentage">100</V>
	<V n="label">StatementDate</V>
	<V n="subMatch1">Internet speed</V>
	<V n="ADPKeyClassName">StatementDate</V>
	<V n="ADPKeyClassConfidence">Medium</V>
	<V n="ADPSensitivity">False</V>
	<C cn="10" cr="0,0,0,0">73</C>
	<C cn="10" cr="0,0,0,0">110</C>
	<C cn="10" cr="0,0,0,0">116</C>
	<C cn="10" cr="0,0,0,0">101</C>
	<C cn="10" cr="0,0,0,0">114</C>
	<C cn="10" cr="0,0,0,0">110</C>
	<C cn="10" cr="0,0,0,0">101</C>
	<C cn="10" cr="0,0,0,0">116</C>
	<C cn="10" cr="0,0,0,0">32</C>
	<C cn="10" cr="0,0,0,0">115</C>
	<C cn="10" cr="0,0,0,0">112</C>
	<C cn="10" cr="0,0,0,0">101</C>
	<C cn="10" cr="0,0,0,0">101</C>
	<C cn="10" cr="0,0,0,0">100</C>
</F>
<F id="TotalAmountDue">
	<V n="STATUS">0</V>
	<V n="TYPE">TotalAmountDue</V>
	<V n="entityType">ADP</V>
	<V n="Position">1157,1818,1276,1854</V>
	<V n="l">1157</V>
	<V n="t">1818</V>
	<V n="r">1276</V>
	<V n="b">1854</V>
	<V n="entityName">TotalAmountDue</V>
	<V n="KeyMatch">TOTAL CHARGES FOR</V>
	<V n="KeyPosition">254,1823,635,1850</V>
	<V n="confidence">100</V>
	<V n="validityPercentage">100</V>
	<V n="label">TotalAmountDue</V>
	<V n="subMatch1">55.18</V>
	<V n="ADPKeyClassName">TotalAmountDue</V>
	<V n="ADPKeyClassConfidence">Medium</V>
	<V n="ADPSensitivity">False</V>
	<V n="IMAGEFILE">05020000.tif</V>
	<V n="TextLength">5</V>
	<C cn="10" cr="0,0,0,0">53</C>
	<C cn="10" cr="0,0,0,0">53</C>
	<C cn="10" cr="0,0,0,0">46</C>
	<C cn="10" cr="0,0,0,0">49</C>
	<C cn="10" cr="0,0,0,0">56</C>
</F>
</P>
