<?xml-stylesheet type="text/xsl" href="..\..\dco.xsl"?>
<B id="20230824.000013">
	<V n="TYPE">ADPDemo</V>
	<V n="LAST_RR_TPROFILE">PostProcessing:3</V>
	<V n="LastScanSrcPath">C:\Datacap\ADPDemo\images\UBillCable_084_1_2.1.pdf</V>
	<V n="LastParentImage"></V>
	<D id="20230824.000013.01">
		<V n="TYPE">UtilityBill</V>
		<V n="STATUS">0</V>
		<V n="PageDataFileName"></V>
		<V n="ImageFileName">C:\Datacap\ADPDemo\batches\20230824.000013\01020000.tif</V>
		<P id="01010000">
			<V n="TYPE">UtilityBill</V>
			<V n="STATUS">0</V>
			<V n="IMAGEFILE">01010000.tif</V>
			<V n="ParentImage">tm000001.tif</V>
			<V n="ScanSrcPath">C:\Datacap\ADPDemo\batches\20230824.000013\Import\20230824.000013.01.tif</V>
			<V n="ADPDocType">UtilityBill</V>
			<V n="ADPDocTypeConfidence">High</V>
			<V n="ADPDocType_0">UtilityBill</V>
			<V n="ADPDocType_0Confidence">High</V>
			<V n="ADPDocType_1">Invoice</V>
			<V n="ADPDocType_1Confidence">Low</V>
			<V n="ADPDocType_2">BillOfLading</V>
			<V n="ADPDocType_2Confidence">Low</V>
			<V n="layout">01010000_layout.xml</V>
			<V n="CCOFILE">01010000.cco</V>
			<V n="IsFirstPage">1</V>
			<V n="CCOBlock">C:\Datacap\ADPDemo\batches\20230824.000013\01010000.CCO</V>
			<V n="01010000.CCO_1">01010000.tif</V>
			<V n="01010000.TIF">0</V>
			<V n="01010000.CCO_2">01020000.tif</V>
			<V n="01020000.TIF">2339</V>
			<V n="DATAFILE">01010000.xml</V>
		</P>
		<P id="01020000">
			<V n="TYPE">StatementTrailing</V>
			<V n="STATUS">49</V>
			<V n="IMAGEFILE">01020000.tif</V>
			<V n="ParentImage">tm000001.tif</V>
			<V n="ScanSrcPath">C:\Datacap\ADPDemo\batches\20230824.000013\Import\20230824.000013.01.tif</V>
			<V n="ADPDocType">UtilityBill</V>
			<V n="ADPDocTypeConfidence">High</V>
			<V n="ADPDocType_0">UtilityBill</V>
			<V n="ADPDocType_0Confidence">High</V>
			<V n="ADPDocType_1">Invoice</V>
			<V n="ADPDocType_1Confidence">Low</V>
			<V n="ADPDocType_2">BillOfLading</V>
			<V n="ADPDocType_2Confidence">Low</V>
			<V n="layout">01020000_layout.xml</V>
			<V n="CCOFILE">01020000.cco</V>
			<V n="IsFirstPage">0</V>
			<V n="PageNeeded">False</V>
		</P>
	</D>
	<D id="20230824.000013.02">
		<V n="TYPE">UtilityBill</V>
		<V n="STATUS">0</V>
		<P id="TM000002">
			<V n="TYPE">UtilityBill</V>
			<V n="IMAGEFILE">tm000002.tif</V>
			<V n="ScanSrcPath">C:\Datacap\ADPDemo\batches\20230824.000013\Import\20230824.000013.02.tif</V>
			<V n="STATUS">0</V>
			<V n="ADPDocType">UtilityBill</V>
			<V n="ADPDocTypeConfidence">High</V>
			<V n="ADPDocType_0">UtilityBill</V>
			<V n="ADPDocType_0Confidence">High</V>
			<V n="ADPDocType_1">Invoice</V>
			<V n="ADPDocType_1Confidence">Low</V>
			<V n="ADPDocType_2">BillOfLading</V>
			<V n="ADPDocType_2Confidence">Low</V>
			<V n="layout">TM000002_layout.xml</V>
			<V n="CCOFILE">TM000002.cco</V>
			<V n="DATAFILE">tm000002.xml</V>
			<V n="SplitPageCount">1</V>
			<V n="IsFirstPage">1</V>
			<V n="CCOBlock">c:\datacap\adpdemo\batches\20230824.000013\tm000002.CCO</V>
			<V n="tm000002.CCO_1">tm000002.tif</V>
			<V n="TM000002.TIF">0</V>
		</P>
	</D>
	<D id="20230824.000013.03">
		<V n="TYPE">UtilityBill</V>
		<V n="STATUS">0</V>
		<P id="TM000003">
			<V n="TYPE">UtilityBill</V>
			<V n="IMAGEFILE">tm000003.tif</V>
			<V n="ScanSrcPath">C:\Datacap\ADPDemo\batches\20230824.000013\Import\20230824.000013.03.tif</V>
			<V n="STATUS">0</V>
			<V n="ADPDocType">UtilityBill</V>
			<V n="ADPDocTypeConfidence">Low</V>
			<V n="ADPDocType_0">UtilityBill</V>
			<V n="ADPDocType_0Confidence">Low</V>
			<V n="ADPDocType_1">Invoice</V>
			<V n="ADPDocType_1Confidence">Low</V>
			<V n="ADPDocType_2">BillOfLading</V>
			<V n="ADPDocType_2Confidence">Low</V>
			<V n="layout">TM000003_layout.xml</V>
			<V n="CCOFILE">TM000003.cco</V>
			<V n="DATAFILE">tm000003.xml</V>
			<V n="SplitPageCount">1</V>
			<V n="IsFirstPage">1</V>
			<V n="CCOBlock">c:\datacap\adpdemo\batches\20230824.000013\tm000003.CCO</V>
			<V n="tm000003.CCO_1">tm000003.tif</V>
			<V n="TM000003.TIF">0</V>
		</P>
	</D>
	<D id="20230824.000013.04">
		<V n="TYPE">UtilityBill</V>
		<V n="STATUS">0</V>
		<P id="TM000004">
			<V n="TYPE">UtilityBill</V>
			<V n="IMAGEFILE">tm000004.tif</V>
			<V n="ScanSrcPath">C:\Datacap\ADPDemo\batches\20230824.000013\Import\20230824.000013.04.tif</V>
			<V n="STATUS">0</V>
			<V n="ADPDocType">UtilityBill</V>
			<V n="ADPDocTypeConfidence">High</V>
			<V n="ADPDocType_0">UtilityBill</V>
			<V n="ADPDocType_0Confidence">High</V>
			<V n="ADPDocType_1">Invoice</V>
			<V n="ADPDocType_1Confidence">Low</V>
			<V n="ADPDocType_2">BillOfLading</V>
			<V n="ADPDocType_2Confidence">Low</V>
			<V n="layout">TM000004_layout.xml</V>
			<V n="CCOFILE">TM000004.cco</V>
			<V n="DATAFILE">tm000004.xml</V>
			<V n="SplitPageCount">1</V>
			<V n="IsFirstPage">1</V>
			<V n="CCOBlock">c:\datacap\adpdemo\batches\20230824.000013\tm000004.CCO</V>
			<V n="tm000004.CCO_1">tm000004.tif</V>
			<V n="TM000004.TIF">0</V>
		</P>
	</D>
	<D id="20230824.000013.05">
		<V n="TYPE">UtilityBill</V>
		<V n="STATUS">0</V>
		<V n="PageDataFileName"></V>
		<V n="ImageFileName">C:\Datacap\ADPDemo\batches\20230824.000013\05020000.tif</V>
		<P id="05010000">
			<V n="TYPE">UtilityBill</V>
			<V n="STATUS">0</V>
			<V n="IMAGEFILE">05010000.tif</V>
			<V n="ParentImage">tm000005.tif</V>
			<V n="ScanSrcPath">C:\Datacap\ADPDemo\batches\20230824.000013\Import\20230824.000013.05.tif</V>
			<V n="ADPDocType">UtilityBill</V>
			<V n="ADPDocTypeConfidence">High</V>
			<V n="ADPDocType_0">UtilityBill</V>
			<V n="ADPDocType_0Confidence">High</V>
			<V n="ADPDocType_1">Invoice</V>
			<V n="ADPDocType_1Confidence">Low</V>
			<V n="ADPDocType_2">BillOfLading</V>
			<V n="ADPDocType_2Confidence">Low</V>
			<V n="layout">05010000_layout.xml</V>
			<V n="CCOFILE">05010000.cco</V>
			<V n="IsFirstPage">1</V>
			<V n="CCOBlock">C:\Datacap\ADPDemo\batches\20230824.000013\05010000.CCO</V>
			<V n="05010000.CCO_1">05010000.tif</V>
			<V n="05010000.TIF">0</V>
			<V n="05010000.CCO_2">05020000.tif</V>
			<V n="05020000.TIF">2339</V>
			<V n="DATAFILE">05010000.xml</V>
		</P>
		<P id="05020000">
			<V n="TYPE">StatementTrailing</V>
			<V n="STATUS">49</V>
			<V n="IMAGEFILE">05020000.tif</V>
			<V n="ParentImage">tm000005.tif</V>
			<V n="ScanSrcPath">C:\Datacap\ADPDemo\batches\20230824.000013\Import\20230824.000013.05.tif</V>
			<V n="ADPDocType">UtilityBill</V>
			<V n="ADPDocTypeConfidence">High</V>
			<V n="ADPDocType_0">UtilityBill</V>
			<V n="ADPDocType_0Confidence">High</V>
			<V n="ADPDocType_1">Invoice</V>
			<V n="ADPDocType_1Confidence">Low</V>
			<V n="ADPDocType_2">BillOfLading</V>
			<V n="ADPDocType_2Confidence">Low</V>
			<V n="layout">05020000_layout.xml</V>
			<V n="CCOFILE">05020000.cco</V>
			<V n="IsFirstPage">0</V>
			<V n="PageNeeded">False</V>
		</P>
	</D>
</B>
