<?xml-stylesheet type="text/xsl" href="..\..\dco.xsl"?>
<B id="20230824.000013">
	<V n="TYPE">ADPDemo</V>
	<V n="LAST_RR_TPROFILE">Processing:3</V>
	<V n="LastScanSrcPath">C:\Datacap\ADPDemo\images\UBillCable_084_1_2.1.pdf</V>
	<V n="LastParentImage"></V>
	<P id="TM000001">
		<V n="TYPE">UtilityBill</V>
		<V n="IMAGEFILE">tm000001.tif</V>
		<V n="ScanSrcPath">C:\Datacap\ADPDemo\batches\20230824.000013\Import\20230824.000013.01.tif</V>
		<V n="STATUS">49</V>
		<V n="ADPDocType">UtilityBill</V>
		<V n="ADPDocTypeConfidence">High</V>
		<V n="ADPDocType_0">UtilityBill</V>
		<V n="ADPDocType_0Confidence">High</V>
		<V n="ADPDocType_1">Invoice</V>
		<V n="ADPDocType_1Confidence">Low</V>
		<V n="ADPDocType_2">BillOfLading</V>
		<V n="ADPDocType_2Confidence">Low</V>
		<V n="layout">TM000001_layout.xml</V>
		<V n="CCOFILE">TM000001.cco</V>
		<V n="DATAFILE">tm000001.xml</V>
	</P>
	<P id="TM000002">
		<V n="TYPE">UtilityBill</V>
		<V n="IMAGEFILE">tm000002.tif</V>
		<V n="ScanSrcPath">C:\Datacap\ADPDemo\batches\20230824.000013\Import\20230824.000013.02.tif</V>
		<V n="STATUS">49</V>
		<V n="ADPDocType">UtilityBill</V>
		<V n="ADPDocTypeConfidence">High</V>
		<V n="ADPDocType_0">UtilityBill</V>
		<V n="ADPDocType_0Confidence">High</V>
		<V n="ADPDocType_1">Invoice</V>
		<V n="ADPDocType_1Confidence">Low</V>
		<V n="ADPDocType_2">BillOfLading</V>
		<V n="ADPDocType_2Confidence">Low</V>
		<V n="layout">TM000002_layout.xml</V>
		<V n="CCOFILE">TM000002.cco</V>
		<V n="DATAFILE">tm000002.xml</V>
	</P>
	<P id="TM000003">
		<V n="TYPE">UtilityBill</V>
		<V n="IMAGEFILE">tm000003.tif</V>
		<V n="ScanSrcPath">C:\Datacap\ADPDemo\batches\20230824.000013\Import\20230824.000013.03.tif</V>
		<V n="STATUS">49</V>
		<V n="ADPDocType">UtilityBill</V>
		<V n="ADPDocTypeConfidence">Low</V>
		<V n="ADPDocType_0">UtilityBill</V>
		<V n="ADPDocType_0Confidence">Low</V>
		<V n="ADPDocType_1">Invoice</V>
		<V n="ADPDocType_1Confidence">Low</V>
		<V n="ADPDocType_2">BillOfLading</V>
		<V n="ADPDocType_2Confidence">Low</V>
		<V n="layout">TM000003_layout.xml</V>
		<V n="CCOFILE">TM000003.cco</V>
		<V n="DATAFILE">tm000003.xml</V>
	</P>
	<P id="TM000004">
		<V n="TYPE">UtilityBill</V>
		<V n="IMAGEFILE">tm000004.tif</V>
		<V n="ScanSrcPath">C:\Datacap\ADPDemo\batches\20230824.000013\Import\20230824.000013.04.tif</V>
		<V n="STATUS">49</V>
		<V n="ADPDocType">UtilityBill</V>
		<V n="ADPDocTypeConfidence">High</V>
		<V n="ADPDocType_0">UtilityBill</V>
		<V n="ADPDocType_0Confidence">High</V>
		<V n="ADPDocType_1">Invoice</V>
		<V n="ADPDocType_1Confidence">Low</V>
		<V n="ADPDocType_2">BillOfLading</V>
		<V n="ADPDocType_2Confidence">Low</V>
		<V n="layout">TM000004_layout.xml</V>
		<V n="CCOFILE">TM000004.cco</V>
		<V n="DATAFILE">tm000004.xml</V>
	</P>
	<P id="TM000005">
		<V n="TYPE">UtilityBill</V>
		<V n="IMAGEFILE">tm000005.tif</V>
		<V n="ScanSrcPath">C:\Datacap\ADPDemo\batches\20230824.000013\Import\20230824.000013.05.tif</V>
		<V n="STATUS">49</V>
		<V n="ADPDocType">UtilityBill</V>
		<V n="ADPDocTypeConfidence">High</V>
		<V n="ADPDocType_0">UtilityBill</V>
		<V n="ADPDocType_0Confidence">High</V>
		<V n="ADPDocType_1">Invoice</V>
		<V n="ADPDocType_1Confidence">Low</V>
		<V n="ADPDocType_2">BillOfLading</V>
		<V n="ADPDocType_2Confidence">Low</V>
		<V n="layout">TM000005_layout.xml</V>
		<V n="CCOFILE">TM000005.cco</V>
		<V n="DATAFILE">tm000005.xml</V>
	</P>
</B>
