<?xml-stylesheet type="text/xsl" href="..\..\dco.xsl"?>
<P id="TM000004">
<F id="AccountNumber">
	<V n="STATUS">0</V>
	<V n="TYPE">AccountNumber</V>
	<V n="entityType">ADP</V>
	<V n="Position">1109,42,1385,76</V>
	<V n="l">1109</V>
	<V n="t">42</V>
	<V n="r">1385</V>
	<V n="b">76</V>
	<V n="entityName">AccountNumber</V>
	<V n="KeyMatch">Account Number</V>
	<V n="KeyPosition">875,42,1109,76</V>
	<V n="confidence">100</V>
	<V n="validityPercentage">100</V>
	<V n="label">AccountNumber</V>
	<V n="subMatch1">8498 39 010 0201299</V>
	<V n="ADPKeyClassName">AccountNumber</V>
	<V n="ADPKeyClassConfidence">High</V>
	<V n="ADPSensitivity">False</V>
	<V n="TextLength">19</V>
	<C cn="10" cr="0,0,0,0">56</C>
	<C cn="10" cr="0,0,0,0">52</C>
	<C cn="10" cr="0,0,0,0">57</C>
	<C cn="10" cr="0,0,0,0">56</C>
	<C cn="10" cr="0,0,0,0">32</C>
	<C cn="10" cr="0,0,0,0">51</C>
	<C cn="10" cr="0,0,0,0">57</C>
	<C cn="10" cr="0,0,0,0">32</C>
	<C cn="10" cr="0,0,0,0">48</C>
	<C cn="10" cr="0,0,0,0">49</C>
	<C cn="10" cr="0,0,0,0">48</C>
	<C cn="10" cr="0,0,0,0">32</C>
	<C cn="10" cr="0,0,0,0">48</C>
	<C cn="10" cr="0,0,0,0">50</C>
	<C cn="10" cr="0,0,0,0">48</C>
	<C cn="10" cr="0,0,0,0">49</C>
	<C cn="10" cr="0,0,0,0">50</C>
	<C cn="10" cr="0,0,0,0">57</C>
	<C cn="10" cr="0,0,0,0">57</C>
</F>
<F id="StatementDate">
	<V n="STATUS">0</V>
	<V n="TYPE">StatementDate</V>
	<V n="entityType">ADP</V>
	<V n="Position">1144,85,1238,102</V>
	<V n="l">1144</V>
	<V n="t">85</V>
	<V n="r">1238</V>
	<V n="b">102</V>
	<V n="entityName">StatementDate</V>
	<V n="KeyMatch">Billing Date</V>
	<V n="KeyPosition">884,85,1002,106</V>
	<V n="confidence">100</V>
	<V n="validityPercentage">100</V>
	<V n="label">StatementDate</V>
	<V n="subMatch1">2015-01-17</V>
	<V n="ADPKeyClassName">StatementDate</V>
	<V n="ADPKeyClassConfidence">High</V>
	<V n="ADPSensitivity">False</V>
	<C cn="10" cr="0,0,0,0">50</C>
	<C cn="10" cr="0,0,0,0">48</C>
	<C cn="10" cr="0,0,0,0">49</C>
	<C cn="10" cr="0,0,0,0">53</C>
	<C cn="10" cr="0,0,0,0">45</C>
	<C cn="10" cr="0,0,0,0">48</C>
	<C cn="10" cr="0,0,0,0">49</C>
	<C cn="10" cr="0,0,0,0">45</C>
	<C cn="10" cr="0,0,0,0">49</C>
	<C cn="10" cr="0,0,0,0">55</C>
</F>
<F id="UnpaidBalance">
	<V n="STATUS">0</V>
	<V n="TYPE">UnpaidBalance</V>
	<V n="entityType">ADP</V>
	<V n="Position">1144,108,1233,132</V>
	<V n="l">1144</V>
	<V n="t">108</V>
	<V n="r">1233</V>
	<V n="b">132</V>
	<V n="entityName">UnpaidBalance</V>
	<V n="KeyMatch">Balance</V>
	<V n="KeyPosition">972,112,1062,129</V>
	<V n="confidence">100</V>
	<V n="validityPercentage">100</V>
	<V n="label">UnpaidBalance</V>
	<V n="subMatch1">142.09</V>
	<V n="ADPKeyClassName">UnpaidBalance</V>
	<V n="ADPKeyClassConfidence">High</V>
	<V n="ADPSensitivity">False</V>
	<C cn="10" cr="0,0,0,0">49</C>
	<C cn="10" cr="0,0,0,0">52</C>
	<C cn="10" cr="0,0,0,0">50</C>
	<C cn="10" cr="0,0,0,0">46</C>
	<C cn="10" cr="0,0,0,0">48</C>
	<C cn="10" cr="0,0,0,0">57</C>
</F>
<F id="PreviousBalance">
	<V n="STATUS">0</V>
	<V n="TYPE">PreviousBalance</V>
	<V n="entityType">ADP</V>
	<V n="Position">1357,325,1444,347</V>
	<V n="l">1357</V>
	<V n="t">325</V>
	<V n="r">1444</V>
	<V n="b">347</V>
	<V n="entityName">PreviousBalance</V>
	<V n="KeyMatch">Previous Balance</V>
	<V n="KeyPosition">795,324,989,344</V>
	<V n="confidence">100</V>
	<V n="validityPercentage">100</V>
	<V n="label">PreviousBalance</V>
	<V n="subMatch1">271.17</V>
	<V n="ADPKeyClassName">PreviousBalance</V>
	<V n="ADPKeyClassConfidence">High</V>
	<V n="ADPSensitivity">False</V>
	<V n="TextLength">6</V>
	<C cn="10" cr="0,0,0,0">50</C>
	<C cn="10" cr="0,0,0,0">55</C>
	<C cn="10" cr="0,0,0,0">49</C>
	<C cn="10" cr="0,0,0,0">46</C>
	<C cn="10" cr="0,0,0,0">49</C>
	<C cn="10" cr="0,0,0,0">55</C>
</F>
<F id="TotalAmountDue">
	<V n="STATUS">0</V>
	<V n="TYPE">TotalAmountDue</V>
	<V n="entityType">ADP</V>
	<V n="Position">1370,657,1445,678</V>
	<V n="l">1370</V>
	<V n="t">657</V>
	<V n="r">1445</V>
	<V n="b">678</V>
	<V n="entityName">TotalAmountDue</V>
	<V n="KeyMatch">Please pay</V>
	<V n="KeyPosition">65,631,188,655</V>
	<V n="confidence">100</V>
	<V n="validityPercentage">100</V>
	<V n="label">TotalAmountDue</V>
	<V n="subMatch1">69.95</V>
	<V n="ADPKeyClassName">TotalAmountDue</V>
	<V n="ADPKeyClassConfidence">High</V>
	<V n="ADPSensitivity">False</V>
	<V n="TextLength">5</V>
	<C cn="10" cr="0,0,0,0">54</C>
	<C cn="10" cr="0,0,0,0">57</C>
	<C cn="10" cr="0,0,0,0">46</C>
	<C cn="10" cr="0,0,0,0">57</C>
	<C cn="10" cr="0,0,0,0">53</C>
</F>
<F id="PaymentReceived">
	<V n="STATUS">0</V>
	<V n="TYPE">PaymentReceived</V>
	<V n="entityType">ADP</V>
	<V n="Position">1370,657,1445,678</V>
	<V n="l">1370</V>
	<V n="t">657</V>
	<V n="r">1445</V>
	<V n="b">678</V>
	<V n="entityName">PaymentReceived</V>
	<V n="KeyMatch">Payments</V>
	<V n="KeyPosition">480,631,590,655</V>
	<V n="confidence">100</V>
	<V n="validityPercentage">100</V>
	<V n="label">PaymentReceived</V>
	<V n="subMatch1">69.95</V>
	<V n="ADPKeyClassName">PaymentReceived</V>
	<V n="ADPKeyClassConfidence">High</V>
	<V n="ADPSensitivity">False</V>
	<V n="TextLength">5</V>
	<C cn="10" cr="0,0,0,0">54</C>
	<C cn="10" cr="0,0,0,0">57</C>
	<C cn="10" cr="0,0,0,0">46</C>
	<C cn="10" cr="0,0,0,0">57</C>
	<C cn="10" cr="0,0,0,0">53</C>
</F>
<F id="StatementNumber">
	<V n="STATUS">0</V>
	<V n="TYPE">StatementNumber</V>
	<V n="entityType">ADP</V>
	<V n="Position">603,221,781,241</V>
	<V n="l">603</V>
	<V n="t">221</V>
	<V n="r">781</V>
	<V n="b">241</V>
	<V n="entityName">StatementNumber</V>
	<V n="KeyMatch">Monthly Statement Summary</V>
	<V n="KeyPosition">802,281,1217,309</V>
	<V n="confidence">100</V>
	<V n="validityPercentage">100</V>
	<V n="label">StatementNumber</V>
	<V n="subMatch1">078 3947 7740</V>
	<V n="ADPKeyClassName">StatementNumber</V>
	<V n="ADPKeyClassConfidence">Medium</V>
	<V n="ADPSensitivity">False</V>
	<C cn="10" cr="0,0,0,0">48</C>
	<C cn="10" cr="0,0,0,0">55</C>
	<C cn="10" cr="0,0,0,0">56</C>
	<C cn="10" cr="0,0,0,0">32</C>
	<C cn="10" cr="0,0,0,0">51</C>
	<C cn="10" cr="0,0,0,0">57</C>
	<C cn="10" cr="0,0,0,0">52</C>
	<C cn="10" cr="0,0,0,0">55</C>
	<C cn="10" cr="0,0,0,0">32</C>
	<C cn="10" cr="0,0,0,0">55</C>
	<C cn="10" cr="0,0,0,0">55</C>
	<C cn="10" cr="0,0,0,0">52</C>
	<C cn="10" cr="0,0,0,0">48</C>
</F>
<F id="DueDate">
	<V n="STATUS">999</V>
	<V n="TYPE">DueDate</V>
	<V n="entityType">ADP</V>
	<V n="Position">814,444,1128,460</V>
	<V n="l">814</V>
	<V n="t">444</V>
	<V n="r">1128</V>
	<V n="b">460</V>
	<V n="entityName">DueDate</V>
	<V n="KeyMatch">New Charges - Due by</V>
	<V n="KeyPosition">795,414,1048,438</V>
	<V n="confidence">100</V>
	<V n="validityPercentage">100</V>
	<V n="label">DueDate</V>
	<V n="subMatch1">See below for more information</V>
	<V n="ADPKeyClassName">DueDate</V>
	<V n="ADPKeyClassConfidence">Medium</V>
	<V n="ADPSensitivity">False</V>
	<V n="TextLength">30</V>
	<V n="MESSAGE">The value of See below for more information in the DueDate field does not contain at least 25 percent numeric characters.</V>
	<C cn="10" cr="0,0,0,0">83</C>
	<C cn="10" cr="0,0,0,0">101</C>
	<C cn="10" cr="0,0,0,0">101</C>
	<C cn="10" cr="0,0,0,0">32</C>
	<C cn="10" cr="0,0,0,0">98</C>
	<C cn="10" cr="0,0,0,0">101</C>
	<C cn="10" cr="0,0,0,0">108</C>
	<C cn="10" cr="0,0,0,0">111</C>
	<C cn="10" cr="0,0,0,0">119</C>
	<C cn="10" cr="0,0,0,0">32</C>
	<C cn="10" cr="0,0,0,0">102</C>
	<C cn="10" cr="0,0,0,0">111</C>
	<C cn="10" cr="0,0,0,0">114</C>
	<C cn="10" cr="0,0,0,0">32</C>
	<C cn="10" cr="0,0,0,0">109</C>
	<C cn="10" cr="0,0,0,0">111</C>
	<C cn="10" cr="0,0,0,0">114</C>
	<C cn="10" cr="0,0,0,0">101</C>
	<C cn="10" cr="0,0,0,0">32</C>
	<C cn="10" cr="0,0,0,0">105</C>
	<C cn="10" cr="0,0,0,0">110</C>
	<C cn="10" cr="0,0,0,0">102</C>
	<C cn="10" cr="0,0,0,0">111</C>
	<C cn="10" cr="0,0,0,0">114</C>
	<C cn="10" cr="0,0,0,0">109</C>
	<C cn="10" cr="0,0,0,0">97</C>
	<C cn="10" cr="0,0,0,0">116</C>
	<C cn="10" cr="0,0,0,0">105</C>
	<C cn="10" cr="0,0,0,0">111</C>
	<C cn="10" cr="0,0,0,0">110</C>
</F>
</P>
