{"status": {"code": 200, "messageId": "CIWCA50000", "message": "Success"}, "result": [{"data": {"Classification": {"DocumentClass": {"Actual": "UtilityBill", "ID": "a2827178-33da-403b-aaa8-b0bb3b820959", "ClassConfidence": 59, "ClassMatch": "Low", "ConfidenceThreshold": 70, "ValidationResult": "Fail", "Code": "", "DisplayName": "Utility Bill", "template": {"ID": null, "Name": null}}, "AlternateDocumentClass": [{"Name": "Invoice", "ID": "b65d6596-71e0-4def-92e4-fc5e04ff4e66", "ClassMatch": "Low", "ClassConfidence": 32, "DisplayName": "Invoice"}, {"Name": "BillOfLading", "ID": "63842cbd-c858-4a5d-955c-7825edb7da25", "ClassMatch": "Low", "ClassConfidence": 7, "DisplayName": "Bill of Lading"}], "Model": {"ModelID": "f8669780-f7ea-4fe1-9139-554b48480b88", "ModelName": "Model 1", "PublishedDate": "2023-05-26 06:54:12.233000"}, "DocumentId": "8d0dbb3b-5298-4954-b704-63926fdd0339"}, "CustomerCode": "", "DocumentArrivalTime": "2023-08-24T22:55:11.130000+00:00", "DocumentExtension": "tif", "DocumentName": "TM000003", "DocumentOCRConfidence": 9.9, "ErrorList": [], "ExtraInformation": {"pages": 1}, "KeyClassRankedList": [{"KeyClassID": "7209c9ba-9ed0-4c89-aa25-60dea4fc00f1", "KeyClassName": "AccountNumber", "KeyClassType": "sys.String", "KVPRankedList": [{"PageNo": 0, "KVPID": "060c033e539a45e19dee48b0b4e414d2", "Reserved1": null, "Reserved2": 0, "Reserved3": 46.875, "FieldConfidence": 7.28098788443616, "Reserved5": []}]}, {"KeyClassID": "90df5c15-2a57-400b-9811-3c6a26bec46b", "KeyClassName": "CustomerName", "KeyClassType": "sys.Addressee", "KVPRankedList": [{"PageNo": 0, "KVPID": "0712be4f5b934c0fb633e92d5914d073", "Reserved1": null, "Reserved2": 0, "Reserved3": 46.875, "FieldConfidence": 7.28098788443616, "Reserved5": []}]}, {"KeyClassID": "d49f6fdf-dc2d-4465-b4fc-cabafa1d8273", "KeyClassName": "CustomerNumber", "KeyClassType": "sys.String", "KVPRankedList": [{"PageNo": 0, "KVPID": "5b97437190404c4f9f3d03aae9dedfab", "Reserved1": null, "Reserved2": 0, "Reserved3": 46.875, "FieldConfidence": 7.28098788443616, "Reserved5": []}]}, {"KeyClassID": "f442c86c-2421-4361-95e7-8e4eaced20dd", "KeyClassName": "DueDate", "KeyClassType": "sys.Date", "KVPRankedList": [{"PageNo": 0, "KVPID": "7f829dec741845b4a716d1e488014225", "Reserved1": null, "Reserved2": 0, "Reserved3": 46.875, "FieldConfidence": 7.28098788443616, "Reserved5": []}]}, {"KeyClassID": "677d80f5-ea46-42c4-be60-0ac2bc2be4e6", "KeyClassName": "Meternumber", "KeyClassType": "sys.String", "KVPRankedList": [{"PageNo": 0, "KVPID": "0ee817d91f08432e8cc95dc88da5a872", "Reserved1": null, "Reserved2": 0, "Reserved3": 46.875, "FieldConfidence": 7.28098788443616, "Reserved5": []}]}, {"KeyClassID": "bcee45e2-4a87-46f6-b69f-b5e1b11f3853", "KeyClassName": "PaymentReceived", "KeyClassType": "sys.Amount", "KVPRankedList": [{"PageNo": 0, "KVPID": "cc0c45c7b59c4fa1b884c2758e22208f", "Reserved1": null, "Reserved2": 0, "Reserved3": 46.875, "FieldConfidence": 7.28098788443616, "Reserved5": []}]}, {"KeyClassID": "e428faf9-07bc-4b85-a432-ce905cf50ecd", "KeyClassName": "PreviousBalance", "KeyClassType": "sys.Amount", "KVPRankedList": [{"PageNo": 0, "KVPID": "b49e687d63264717b4c3ddf2ac10d820", "Reserved1": null, "Reserved2": 0, "Reserved3": 46.875, "FieldConfidence": 7.28098788443616, "Reserved5": []}]}, {"KeyClassID": "803fb1f0-968a-45c6-8329-ab15f7a48d5b", "KeyClassName": "ServiceAddress", "KeyClassType": "sys.AddressBlock", "KVPRankedList": [{"PageNo": 0, "KVPID": "27cceb20af0e4f018eb344a7edeca91c", "Reserved1": null, "Reserved2": 0, "Reserved3": 46.875, "FieldConfidence": 7.28098788443616, "Reserved5": []}]}, {"KeyClassID": "805032b6-bee4-4cc6-9ac9-bae6fa2e9df8", "KeyClassName": "StatementDate", "KeyClassType": "sys.Date", "KVPRankedList": [{"PageNo": 0, "KVPID": "b331a40d37c04be7b5c8d70a793f06d1", "Reserved1": null, "Reserved2": 0, "Reserved3": 46.875, "FieldConfidence": 7.28098788443616, "Reserved5": []}]}, {"KeyClassID": "ae3142f0-f6be-4d34-952e-ab5db80362c2", "KeyClassName": "StatementNumber", "KeyClassType": "sys.String", "KVPRankedList": [{"PageNo": 0, "KVPID": "eb0f43c833164e99ba4a5fb6e0c8f15e", "Reserved1": null, "Reserved2": 0, "Reserved3": 46.875, "FieldConfidence": 7.28098788443616, "Reserved5": []}]}, {"KeyClassID": "d95059f6-2ff6-4223-b387-c79f19145ca3", "KeyClassName": "TotalAmountDue", "KeyClassType": "sys.Amount", "KVPRankedList": [{"PageNo": 0, "KVPID": "8f96aca35e5a463da8341997955642bc", "Reserved1": "55.18", "Reserved2": 12, "Reserved3": 530.082, "FieldConfidence": 82.33643988816402, "Reserved5": []}, {"PageNo": 0, "KVPID": "f1ca83c43e1a439389f16a55a86167b6", "Reserved1": "20.08", "Reserved2": 1, "Reserved3": 479.367, "FieldConfidence": 74.45899347623485, "Reserved5": []}], "rank_matches": true, "value_matches": true}, {"KeyClassID": "ab76ca16-0adb-44ca-9bf7-80ad5618fc85", "KeyClassName": "UnpaidBalance", "KeyClassType": "sys.Amount", "KVPRankedList": [{"PageNo": 0, "KVPID": "1520ee08a249436c86678f524be4a5d3", "Reserved1": "16.83", "Reserved2": 12, "Reserved3": 330.294, "FieldConfidence": 51.303821062441756, "Reserved5": []}]}, {"KeyClassID": "7efbeb56-6f6b-4806-9ed4-abc5c9961616", "KeyClassName": "UtilityCompanyAddress", "KeyClassType": "sys.AddressBlock", "KVPRankedList": [{"PageNo": 0, "KVPID": "37ba3fcc97e14609b1cb29c1d179fa99", "Reserved1": null, "Reserved2": 0, "Reserved3": 46.875, "FieldConfidence": 7.28098788443616, "Reserved5": []}]}, {"KeyClassID": "803f7219-7527-4660-a659-170935e67080", "KeyClassName": "UtilityCompanyName", "KeyClassType": "sys.String", "KVPRankedList": [{"PageNo": 0, "KVPID": "d02768d012924dd28a75dcfc22a4a5ea", "Reserved1": null, "Reserved2": 0, "Reserved3": 46.875, "FieldConfidence": 7.28098788443616, "Reserved5": []}]}], "UserID": 0, "analyzerId": "8d0dbb3b-5298-4954-b704-63926fdd0339", "uniqueId": "", "createDate": "2023-08-24T22:55:11.130000+00:00", "pageList": [{"BlockList": [{"BlockID": "block_0", "BlockStartX": 195, "BlockStartY": 213, "BlockWidth": 171, "BlockHeight": 26, "LineList": [{"LineID": "line_0", "LineStartX": 195, "LineStartY": 213, "LineWidth": 170, "LineHeight": 25, "WordList": [{"WordID": "word_0", "WordStartX": 195, "WordStartY": 213, "WordWidth": 61, "WordHeight": 25, "WordValue": "Page", "WordOCRConfidence": "9999", "WordCharN": 4, "bold": "false", "italic": "false", "underlined": "none", "WordFontSize": "1000", "WordFontSizeGroup": 0, "LineFontFace": ""}, {"WordID": "word_1", "WordStartX": 329, "WordStartY": 213, "WordWidth": 36, "WordHeight": 20, "WordValue": "2/2", "WordOCRConfidence": "999", "WordCharN": 3, "bold": "false", "italic": "false", "underlined": "none", "WordFontSize": "1000", "WordFontSizeGroup": 0, "LineFontFace": ""}], "LineFontFace": "", "LineValue": "Page 2/2"}]}, {"BlockID": "block_1", "BlockStartX": 252, "BlockStartY": 469, "BlockWidth": 986, "BlockHeight": 176, "LineList": [{"LineID": "line_0", "LineStartX": 252, "LineStartY": 469, "LineWidth": 429, "LineHeight": 28, "WordList": [{"WordID": "word_0", "WordStartX": 252, "WordStartY": 471, "WordWidth": 106, "WordHeight": 27, "WordValue": "Service", "WordOCRConfidence": "9999999", "WordCharN": 7, "bold": "false", "italic": "false", "underlined": "none", "WordFontSize": "1000", "WordFontSizeGroup": 0, "LineFontFace": ""}, {"WordID": "word_1", "WordStartX": 371, "WordStartY": 469, "WordWidth": 100, "WordHeight": 26, "WordValue": "Period\u20ac", "WordOCRConfidence": "9999999", "WordCharN": 7, "bold": "false", "italic": "false", "underlined": "none", "WordFontSize": "1000", "WordFontSizeGroup": 0, "LineFontFace": ""}, {"WordID": "word_2", "WordStartX": 495, "WordStartY": 473, "WordWidth": 186, "WordHeight": 20, "WordValue": "005673-93754", "WordOCRConfidence": "999999999999", "WordCharN": 12, "bold": "false", "italic": "false", "underlined": "none", "WordFontSize": "1000", "WordFontSizeGroup": 0, "LineFontFace": ""}], "LineFontFace": "", "LineValue": "Service Period\u20ac 005673-93754"}, {"LineID": "line_1", "LineStartX": 253, "LineStartY": 517, "LineWidth": 382, "LineHeight": 31, "WordList": [{"WordID": "word_0", "WordStartX": 253, "WordStartY": 517, "WordWidth": 78, "WordHeight": 27, "WordValue": "Cable", "WordOCRConfidence": "99999", "WordCharN": 5, "bold": "false", "italic": "false", "underlined": "none", "WordFontSize": "1000", "WordFontSizeGroup": 0, "LineFontFace": ""}, {"WordID": "word_1", "WordStartX": 341, "WordStartY": 518, "WordWidth": 41, "WordHeight": 23, "WordValue": "TV", "WordOCRConfidence": "99", "WordCharN": 2, "bold": "false", "italic": "false", "underlined": "none", "WordFontSize": "1000", "WordFontSizeGroup": 0, "LineFontFace": ""}, {"WordID": "word_2", "WordStartX": 392, "WordStartY": 517, "WordWidth": 61, "WordHeight": 25, "WordValue": "Nan", "WordOCRConfidence": "999", "WordCharN": 3, "bold": "false", "italic": "false", "underlined": "none", "WordFontSize": "1000", "WordFontSizeGroup": 0, "LineFontFace": ""}, {"WordID": "word_3", "WordStartX": 461, "WordStartY": 531, "WordWidth": 11, "WordHeight": 5, "WordValue": "-", "WordOCRConfidence": "9", "WordCharN": 1, "BackColor": "ffffff", "bold": "false", "italic": "false", "underlined": "none", "WordFontSize": "1000", "WordFontSizeGroup": 0, "LineFontFace": ""}, {"WordID": "word_4", "WordStartX": 484, "WordStartY": 517, "WordWidth": 96, "WordHeight": 30, "WordValue": "Digital", "WordOCRConfidence": "9999999", "WordCharN": 7, "bold": "false", "italic": "false", "underlined": "none", "WordFontSize": "1000", "WordFontSizeGroup": 0, "LineFontFace": ""}, {"WordID": "word_5", "WordStartX": 594, "WordStartY": 518, "WordWidth": 41, "WordHeight": 23, "WordValue": "HD", "WordOCRConfidence": "99", "WordCharN": 2, "bold": "false", "italic": "false", "underlined": "none", "WordFontSize": "1000", "WordFontSizeGroup": 0, "LineFontFace": ""}], "LineFontFace": "", "LineValue": "Cable TV Nan - Digital HD"}, {"LineID": "line_2", "LineStartX": 307, "LineStartY": 562, "LineWidth": 930, "LineHeight": 34, "WordList": [{"WordID": "word_0", "WordStartX": 307, "WordStartY": 566, "WordWidth": 128, "WordHeight": 26, "WordValue": "Includes:", "WordOCRConfidence": "999999999", "WordCharN": 9, "bold": "false", "italic": "true", "underlined": "none", "WordFontSize": "1000", "WordFontSizeGroup": 0, "LineFontFace": ""}, {"WordID": "word_1", "WordStartX": 445, "WordStartY": 566, "WordWidth": 94, "WordHeight": 29, "WordValue": "Digital", "WordOCRConfidence": "9999999", "WordCharN": 7, "bold": "false", "italic": "true", "underlined": "none", "WordFontSize": "1000", "WordFontSizeGroup": 0, "LineFontFace": ""}, {"WordID": "word_2", "WordStartX": 548, "WordStartY": 566, "WordWidth": 100, "WordHeight": 26, "WordValue": "Stoner", "WordOCRConfidence": "999999", "WordCharN": 6, "bold": "false", "italic": "true", "underlined": "none", "WordFontSize": "1000", "WordFontSizeGroup": 0, "LineFontFace": ""}, {"WordID": "word_3", "WordStartX": 658, "WordStartY": 566, "WordWidth": 199, "WordHeight": 30, "WordValue": "Programming,", "WordOCRConfidence": "999999999999", "WordCharN": 12, "bold": "false", "italic": "true", "underlined": "none", "WordFontSize": "1000", "WordFontSizeGroup": 0, "LineFontFace": ""}, {"WordID": "word_4", "WordStartX": 1159, "WordStartY": 562, "WordWidth": 12, "WordHeight": 25, "WordValue": "$", "WordOCRConfidence": "9", "WordCharN": 1, "BackColor": "ffffff", "bold": "false", "italic": "false", "underlined": "none", "WordFontSize": "1000", "WordFontSizeGroup": 0, "LineFontFace": ""}, {"WordID": "word_5", "WordStartX": 1182, "WordStartY": 564, "WordWidth": 55, "WordHeight": 21, "WordValue": "7.54", "WordOCRConfidence": "9999", "WordCharN": 4, "bold": "false", "italic": "false", "underlined": "none", "WordFontSize": "1000", "WordFontSizeGroup": 0, "LineFontFace": ""}], "LineFontFace": "", "LineValue": "Includes: Digital Stoner Programming, $ 7.54"}, {"LineID": "line_3", "LineStartX": 1158, "LineStartY": 600, "LineWidth": 70, "LineHeight": 26, "WordList": [{"WordID": "word_0", "WordStartX": 1158, "WordStartY": 600, "WordWidth": 70, "WordHeight": 26, "WordValue": "$4.90", "WordOCRConfidence": "99999", "WordCharN": 5, "bold": "false", "italic": "false", "underlined": "none", "WordFontSize": "1000", "WordFontSizeGroup": 0, "LineFontFace": ""}], "LineFontFace": "", "LineValue": "$4.90"}, {"LineID": "line_4", "LineStartX": 307, "LineStartY": 614, "LineWidth": 590, "LineHeight": 30, "WordList": [{"WordID": "word_0", "WordStartX": 307, "WordStartY": 614, "WordWidth": 153, "WordHeight": 24, "WordValue": "Interactive", "WordOCRConfidence": "99999999999", "WordCharN": 11, "bold": "false", "italic": "true", "underlined": "none", "WordFontSize": "1000", "WordFontSizeGroup": 0, "LineFontFace": ""}, {"WordID": "word_1", "WordStartX": 473, "WordStartY": 614, "WordWidth": 121, "WordHeight": 29, "WordValue": "Program", "WordOCRConfidence": "9999999", "WordCharN": 7, "bold": "false", "italic": "true", "underlined": "none", "WordFontSize": "1000", "WordFontSizeGroup": 0, "LineFontFace": ""}, {"WordID": "word_2", "WordStartX": 604, "WordStartY": 614, "WordWidth": 92, "WordHeight": 28, "WordValue": "Guide,", "WordOCRConfidence": "999999", "WordCharN": 6, "bold": "false", "italic": "true", "underlined": "none", "WordFontSize": "1000", "WordFontSizeGroup": 0, "LineFontFace": ""}, {"WordID": "word_3", "WordStartX": 710, "WordStartY": 614, "WordWidth": 84, "WordHeight": 23, "WordValue": "Music", "WordOCRConfidence": "99999", "WordCharN": 5, "bold": "false", "italic": "true", "underlined": "none", "WordFontSize": "1000", "WordFontSizeGroup": 0, "LineFontFace": ""}, {"WordID": "word_4", "WordStartX": 806, "WordStartY": 614, "WordWidth": 92, "WordHeight": 24, "WordValue": "Choice", "WordOCRConfidence": "999999", "WordCharN": 6, "bold": "false", "italic": "true", "underlined": "none", "WordFontSize": "1000", "WordFontSizeGroup": 0, "LineFontFace": ""}], "LineFontFace": "", "LineValue": "Interactive Program Guide, Music Choice"}]}, {"BlockID": "block_2", "BlockStartX": 254, "BlockStartY": 768, "BlockWidth": 1001, "BlockHeight": 33, "LineList": [{"LineID": "line_0", "LineStartX": 254, "LineStartY": 768, "LineWidth": 1001, "LineHeight": 32, "WordList": [{"WordID": "word_0", "WordStartX": 254, "WordStartY": 772, "WordWidth": 72, "WordHeight": 23, "WordValue": "Total", "WordOCRConfidence": "99999", "WordCharN": 5, "bold": "false", "italic": "true", "underlined": "none", "WordFontSize": "1000", "WordFontSizeGroup": 0, "LineFontFace": ""}, {"WordID": "word_1", "WordStartX": 338, "WordStartY": 772, "WordWidth": 69, "WordHeight": 23, "WordValue": "Base", "WordOCRConfidence": "9999", "WordCharN": 4, "bold": "false", "italic": "true", "underlined": "none", "WordFontSize": "1000", "WordFontSizeGroup": 0, "LineFontFace": ""}, {"WordID": "word_2", "WordStartX": 418, "WordStartY": 772, "WordWidth": 79, "WordHeight": 23, "WordValue": "Cable", "WordOCRConfidence": "99999", "WordCharN": 5, "bold": "false", "italic": "true", "underlined": "none", "WordFontSize": "1000", "WordFontSizeGroup": 0, "LineFontFace": ""}, {"WordID": "word_3", "WordStartX": 508, "WordStartY": 772, "WordWidth": 50, "WordHeight": 23, "WordValue": "Fee", "WordOCRConfidence": "999", "WordCharN": 3, "bold": "false", "italic": "true", "underlined": "none", "WordFontSize": "1000", "WordFontSizeGroup": 0, "LineFontFace": ""}, {"WordID": "word_4", "WordStartX": 1157, "WordStartY": 768, "WordWidth": 15, "WordHeight": 32, "WordValue": "$", "WordOCRConfidence": "9", "WordCharN": 1, "BackColor": "ffffff", "bold": "false", "italic": "false", "underlined": "none", "WordFontSize": "1000", "WordFontSizeGroup": 0, "LineFontFace": ""}, {"WordID": "word_5", "WordStartX": 1184, "WordStartY": 771, "WordWidth": 70, "WordHeight": 21, "WordValue": "12.44", "WordOCRConfidence": "99999", "WordCharN": 5, "bold": "false", "italic": "false", "underlined": "none", "WordFontSize": "1000", "WordFontSizeGroup": 0, "LineFontFace": ""}], "LineFontFace": "", "LineValue": "Total Base Cable Fee $ 12.44"}]}, {"BlockID": "block_3", "BlockStartX": 1245, "BlockStartY": 280, "BlockWidth": 166, "BlockHeight": 78, "LineList": [{"LineID": "line_0", "LineStartX": 1370, "LineStartY": 280, "LineWidth": 40, "LineHeight": 27, "WordList": [{"WordID": "word_0", "WordStartX": 1370, "WordStartY": 280, "WordWidth": 39, "WordHeight": 27, "WordValue": "ift", "WordOCRConfidence": "999", "WordCharN": 3, "bold": "true", "italic": "false", "underlined": "none", "WordFontSize": "1000", "WordFontSizeGroup": 0, "LineFontFace": ""}], "LineFontFace": "", "LineValue": "ift"}, {"LineID": "line_1", "LineStartX": 1245, "LineStartY": 331, "LineWidth": 111, "LineHeight": 26, "WordList": [{"WordID": "word_0", "WordStartX": 1245, "WordStartY": 331, "WordWidth": 110, "WordHeight": 27, "WordValue": "Cable", "WordOCRConfidence": "99999", "WordCharN": 5, "bold": "true", "italic": "false", "underlined": "none", "WordFontSize": "1000", "WordFontSizeGroup": 0, "LineFontFace": ""}], "LineFontFace": "", "LineValue": "Cable"}]}, {"BlockID": "block_4", "BlockStartX": 252, "BlockStartY": 868, "BlockWidth": 983, "BlockHeight": 80, "LineList": [{"LineID": "line_0", "LineStartX": 252, "LineStartY": 868, "LineWidth": 280, "LineHeight": 25, "WordList": [{"WordID": "word_0", "WordStartX": 252, "WordStartY": 868, "WordWidth": 148, "WordHeight": 25, "WordValue": "Additional", "WordOCRConfidence": "9999999999", "WordCharN": 10, "bold": "false", "italic": "false", "underlined": "none", "WordFontSize": "1000", "WordFontSizeGroup": 0, "LineFontFace": ""}, {"WordID": "word_1", "WordStartX": 412, "WordStartY": 869, "WordWidth": 119, "WordHeight": 23, "WordValue": "Senrices", "WordOCRConfidence": "99999999", "WordCharN": 8, "bold": "false", "italic": "false", "underlined": "none", "WordFontSize": "1000", "WordFontSizeGroup": 0, "LineFontFace": ""}], "LineFontFace": "", "LineValue": "Additional Senrices"}, {"LineID": "line_1", "LineStartX": 280, "LineStartY": 914, "LineWidth": 953, "LineHeight": 33, "WordList": [{"WordID": "word_0", "WordStartX": 280, "WordStartY": 917, "WordWidth": 50, "WordHeight": 29, "WordValue": "Pay", "WordOCRConfidence": "999", "WordCharN": 3, "bold": "false", "italic": "false", "underlined": "none", "WordFontSize": "1000", "WordFontSizeGroup": 0, "LineFontFace": ""}, {"WordID": "word_1", "WordStartX": 340, "WordStartY": 917, "WordWidth": 47, "WordHeight": 23, "WordValue": "Per", "WordOCRConfidence": "999", "WordCharN": 3, "bold": "false", "italic": "false", "underlined": "none", "WordFontSize": "1000", "WordFontSizeGroup": 0, "LineFontFace": ""}, {"WordID": "word_2", "WordStartX": 396, "WordStartY": 917, "WordWidth": 73, "WordHeight": 24, "WordValue": "View", "WordOCRConfidence": "9999", "WordCharN": 4, "bold": "false", "italic": "false", "underlined": "none", "WordFontSize": "1000", "WordFontSizeGroup": 0, "LineFontFace": ""}, {"WordID": "word_3", "WordStartX": 479, "WordStartY": 917, "WordWidth": 103, "WordHeight": 23, "WordValue": "Service", "WordOCRConfidence": "9999999", "WordCharN": 7, "bold": "false", "italic": "false", "underlined": "none", "WordFontSize": "1000", "WordFontSizeGroup": 0, "LineFontFace": ""}, {"WordID": "word_4", "WordStartX": 1157, "WordStartY": 914, "WordWidth": 76, "WordHeight": 31, "WordValue": "$9.50", "WordOCRConfidence": "99999", "WordCharN": 5, "bold": "false", "italic": "false", "underlined": "none", "WordFontSize": "1000", "WordFontSizeGroup": 0, "LineFontFace": ""}], "LineFontFace": "", "LineValue": "Pay Per View Service $9.50"}]}, {"BlockID": "block_5", "BlockStartX": 278, "BlockStartY": 962, "BlockWidth": 952, "BlockHeight": 34, "LineList": [{"LineID": "line_0", "LineStartX": 278, "LineStartY": 962, "LineWidth": 952, "LineHeight": 32, "WordList": [{"WordID": "word_0", "WordStartX": 278, "WordStartY": 965, "WordWidth": 147, "WordHeight": 28, "WordValue": "Additional", "WordOCRConfidence": "9999999999", "WordCharN": 10, "bold": "false", "italic": "false", "underlined": "single", "WordFontSize": "1000", "WordFontSizeGroup": 0, "LineFontFace": ""}, {"WordID": "word_1", "WordStartX": 440, "WordStartY": 965, "WordWidth": 110, "WordHeight": 26, "WordValue": "Outlet-", "WordOCRConfidence": "9999999", "WordCharN": 7, "bold": "false", "italic": "false", "underlined": "single", "WordFontSize": "1000", "WordFontSizeGroup": 0, "LineFontFace": ""}, {"WordID": "word_2", "WordStartX": 564, "WordStartY": 965, "WordWidth": 89, "WordHeight": 29, "WordValue": "Digital", "WordOCRConfidence": "9999999", "WordCharN": 7, "bold": "false", "italic": "false", "underlined": "single", "WordFontSize": "1000", "WordFontSizeGroup": 0, "LineFontFace": ""}, {"WordID": "word_3", "WordStartX": 667, "WordStartY": 966, "WordWidth": 140, "WordHeight": 25, "WordValue": "Converter", "WordOCRConfidence": "999999999", "WordCharN": 9, "bold": "false", "italic": "false", "underlined": "single", "WordFontSize": "1000", "WordFontSizeGroup": 0, "LineFontFace": ""}, {"WordID": "word_4", "WordStartX": 1152, "WordStartY": 964, "WordWidth": 78, "WordHeight": 30, "WordValue": "$7.33", "WordOCRConfidence": "99999", "WordCharN": 5, "bold": "false", "italic": "false", "underlined": "none", "WordFontSize": "1000", "WordFontSizeGroup": 0, "LineFontFace": ""}], "LineFontFace": "", "LineValue": "Additional Outlet- Digital Converter $7.33"}]}, {"BlockID": "block_6", "BlockStartX": 254, "BlockStartY": 1120, "BlockWidth": 999, "BlockHeight": 33, "LineList": [{"LineID": "line_0", "LineStartX": 254, "LineStartY": 1120, "LineWidth": 998, "LineHeight": 32, "WordList": [{"WordID": "word_0", "WordStartX": 254, "WordStartY": 1123, "WordWidth": 72, "WordHeight": 23, "WordValue": "Total", "WordOCRConfidence": "99999", "WordCharN": 5, "bold": "false", "italic": "true", "underlined": "none", "WordFontSize": "1000", "WordFontSizeGroup": 0, "LineFontFace": ""}, {"WordID": "word_1", "WordStartX": 335, "WordStartY": 1123, "WordWidth": 150, "WordHeight": 23, "WordValue": "Additional", "WordOCRConfidence": "9999999999", "WordCharN": 10, "bold": "false", "italic": "true", "underlined": "none", "WordFontSize": "1000", "WordFontSizeGroup": 0, "LineFontFace": ""}, {"WordID": "word_2", "WordStartX": 495, "WordStartY": 1123, "WordWidth": 104, "WordHeight": 23, "WordValue": "Service", "WordOCRConfidence": "9999999", "WordCharN": 7, "bold": "false", "italic": "true", "underlined": "none", "WordFontSize": "1000", "WordFontSizeGroup": 0, "LineFontFace": ""}, {"WordID": "word_3", "WordStartX": 613, "WordStartY": 1123, "WordWidth": 114, "WordHeight": 29, "WordValue": "Charges", "WordOCRConfidence": "9999999", "WordCharN": 7, "bold": "false", "italic": "true", "underlined": "none", "WordFontSize": "1000", "WordFontSizeGroup": 0, "LineFontFace": ""}, {"WordID": "word_4", "WordStartX": 1154, "WordStartY": 1120, "WordWidth": 17, "WordHeight": 31, "WordValue": "5", "WordOCRConfidence": "9", "WordCharN": 1, "BackColor": "ffffff", "bold": "false", "italic": "true", "underlined": "none", "WordFontSize": "1000", "WordFontSizeGroup": 0, "LineFontFace": ""}, {"WordID": "word_5", "WordStartX": 1182, "WordStartY": 1120, "WordWidth": 70, "WordHeight": 22, "WordValue": "16.83", "WordOCRConfidence": "99999", "WordCharN": 5, "BackColor": "ffffff", "bold": "false", "italic": "true", "underlined": "none", "WordFontSize": "1000", "WordFontSizeGroup": 0, "LineFontFace": ""}], "LineFontFace": "", "LineValue": "Total Additional Service Charges 5 16.83"}]}, {"BlockID": "block_7", "BlockStartX": 253, "BlockStartY": 1219, "BlockWidth": 999, "BlockHeight": 128, "LineList": [{"LineID": "line_0", "LineStartX": 253, "LineStartY": 1219, "LineWidth": 206, "LineHeight": 31, "WordList": [{"WordID": "word_0", "WordStartX": 253, "WordStartY": 1219, "WordWidth": 82, "WordHeight": 26, "WordValue": "Other", "WordOCRConfidence": "99999", "WordCharN": 5, "bold": "false", "italic": "false", "underlined": "none", "WordFontSize": "1000", "WordFontSizeGroup": 0, "LineFontFace": ""}, {"WordID": "word_1", "WordStartX": 347, "WordStartY": 1219, "WordWidth": 113, "WordHeight": 30, "WordValue": "Charges", "WordOCRConfidence": "9999999", "WordCharN": 7, "bold": "false", "italic": "false", "underlined": "none", "WordFontSize": "1000", "WordFontSizeGroup": 0, "LineFontFace": ""}], "LineFontFace": "", "LineValue": "Other Charges"}, {"LineID": "line_1", "LineStartX": 281, "LineStartY": 1265, "LineWidth": 970, "LineHeight": 32, "WordList": [{"WordID": "word_0", "WordStartX": 281, "WordStartY": 1268, "WordWidth": 145, "WordHeight": 25, "WordValue": "Broadcast", "WordOCRConfidence": "999999999", "WordCharN": 9, "bold": "false", "italic": "false", "underlined": "none", "WordFontSize": "1000", "WordFontSizeGroup": 0, "LineFontFace": ""}, {"WordID": "word_1", "WordStartX": 436, "WordStartY": 1269, "WordWidth": 36, "WordHeight": 23, "WordValue": "TV", "WordOCRConfidence": "99", "WordCharN": 2, "bold": "false", "italic": "false", "underlined": "none", "WordFontSize": "1000", "WordFontSizeGroup": 0, "LineFontFace": ""}, {"WordID": "word_2", "WordStartX": 484, "WordStartY": 1269, "WordWidth": 50, "WordHeight": 23, "WordValue": "Fee", "WordOCRConfidence": "999", "WordCharN": 3, "bold": "false", "italic": "false", "underlined": "none", "WordFontSize": "1000", "WordFontSizeGroup": 0, "LineFontFace": ""}, {"WordID": "word_3", "WordStartX": 1157, "WordStartY": 1265, "WordWidth": 13, "WordHeight": 32, "WordValue": "$", "WordOCRConfidence": "9", "WordCharN": 1, "BackColor": "ffffff", "bold": "false", "italic": "false", "underlined": "none", "WordFontSize": "1000", "WordFontSizeGroup": 0, "LineFontFace": ""}, {"WordID": "word_4", "WordStartX": 1182, "WordStartY": 1266, "WordWidth": 68, "WordHeight": 22, "WordValue": "11.76", "WordOCRConfidence": "99999", "WordCharN": 5, "bold": "false", "italic": "false", "underlined": "none", "WordFontSize": "1000", "WordFontSizeGroup": 0, "LineFontFace": ""}], "LineFontFace": "", "LineValue": "Broadcast TV Fee $ 11.76"}, {"LineID": "line_2", "LineStartX": 281, "LineStartY": 1314, "LineWidth": 951, "LineHeight": 32, "WordList": [{"WordID": "word_0", "WordStartX": 281, "WordStartY": 1316, "WordWidth": 125, "WordHeight": 29, "WordValue": "Regional", "WordOCRConfidence": "99999999", "WordCharN": 8, "bold": "false", "italic": "false", "underlined": "none", "WordFontSize": "1000", "WordFontSizeGroup": 0, "LineFontFace": ""}, {"WordID": "word_1", "WordStartX": 418, "WordStartY": 1317, "WordWidth": 90, "WordHeight": 28, "WordValue": "Spons", "WordOCRConfidence": "99929", "WordCharN": 5, "bold": "false", "italic": "false", "underlined": "none", "WordFontSize": "1000", "WordFontSizeGroup": 0, "LineFontFace": ""}, {"WordID": "word_2", "WordStartX": 522, "WordStartY": 1317, "WordWidth": 48, "WordHeight": 23, "WordValue": "Pee", "WordOCRConfidence": "999", "WordCharN": 3, "bold": "false", "italic": "false", "underlined": "none", "WordFontSize": "1000", "WordFontSizeGroup": 0, "LineFontFace": ""}, {"WordID": "word_3", "WordStartX": 1157, "WordStartY": 1314, "WordWidth": 75, "WordHeight": 31, "WordValue": "$8.32", "WordOCRConfidence": "99999", "WordCharN": 5, "bold": "false", "italic": "false", "underlined": "none", "WordFontSize": "1000", "WordFontSizeGroup": 0, "LineFontFace": ""}], "LineFontFace": "", "LineValue": "Regional Spons Pee $8.32"}]}, {"BlockID": "block_8", "BlockStartX": 254, "BlockStartY": 1428, "BlockWidth": 990, "BlockHeight": 33, "LineList": [{"LineID": "line_0", "LineStartX": 254, "LineStartY": 1428, "LineWidth": 988, "LineHeight": 33, "WordList": [{"WordID": "word_0", "WordStartX": 254, "WordStartY": 1429, "WordWidth": 75, "WordHeight": 26, "WordValue": "Total", "WordOCRConfidence": "99999", "WordCharN": 5, "bold": "false", "italic": "true", "underlined": "none", "WordFontSize": "1000", "WordFontSizeGroup": 0, "LineFontFace": ""}, {"WordID": "word_1", "WordStartX": 338, "WordStartY": 1429, "WordWidth": 85, "WordHeight": 26, "WordValue": "Other", "WordOCRConfidence": "99999", "WordCharN": 5, "bold": "false", "italic": "true", "underlined": "none", "WordFontSize": "1000", "WordFontSizeGroup": 0, "LineFontFace": ""}, {"WordID": "word_2", "WordStartX": 431, "WordStartY": 1429, "WordWidth": 112, "WordHeight": 32, "WordValue": "Charges", "WordOCRConfidence": "9999999", "WordCharN": 7, "bold": "false", "italic": "true", "underlined": "none", "WordFontSize": "1000", "WordFontSizeGroup": 0, "LineFontFace": ""}, {"WordID": "word_3", "WordStartX": 1157, "WordStartY": 1428, "WordWidth": 85, "WordHeight": 31, "WordValue": "$20.08", "WordOCRConfidence": "999999", "WordCharN": 6, "bold": "false", "italic": "false", "underlined": "none", "WordFontSize": "1000", "WordFontSizeGroup": 0, "LineFontFace": ""}], "LineFontFace": "", "LineValue": "Total Other Charges $20.08"}]}, {"BlockID": "block_9", "BlockStartX": 252, "BlockStartY": 1528, "BlockWidth": 983, "BlockHeight": 122, "LineList": [{"LineID": "line_0", "LineStartX": 252, "LineStartY": 1528, "LineWidth": 288, "LineHeight": 31, "WordList": [{"WordID": "word_0", "WordStartX": 252, "WordStartY": 1529, "WordWidth": 85, "WordHeight": 23, "WordValue": "Taxes", "WordOCRConfidence": "99999", "WordCharN": 5, "bold": "false", "italic": "false", "underlined": "none", "WordFontSize": "1000", "WordFontSizeGroup": 0, "LineFontFace": ""}, {"WordID": "word_1", "WordStartX": 349, "WordStartY": 1529, "WordWidth": 22, "WordHeight": 23, "WordValue": "&", "WordOCRConfidence": "9", "WordCharN": 1, "BackColor": "ffffff", "bold": "false", "italic": "false", "underlined": "none", "WordFontSize": "1000", "WordFontSizeGroup": 0, "LineFontFace": ""}, {"WordID": "word_2", "WordStartX": 383, "WordStartY": 1528, "WordWidth": 157, "WordHeight": 30, "WordValue": "Surcharges", "WordOCRConfidence": "9999999999", "WordCharN": 10, "bold": "false", "italic": "false", "underlined": "none", "WordFontSize": "1000", "WordFontSizeGroup": 0, "LineFontFace": ""}], "LineFontFace": "", "LineValue": "Taxes & Surcharges"}, {"LineID": "line_1", "LineStartX": 278, "LineStartY": 1574, "LineWidth": 955, "LineHeight": 31, "WordList": [{"WordID": "word_0", "WordStartX": 278, "WordStartY": 1577, "WordWidth": 77, "WordHeight": 25, "WordValue": "State", "WordOCRConfidence": "99999", "WordCharN": 5, "bold": "false", "italic": "false", "underlined": "none", "WordFontSize": "1000", "WordFontSizeGroup": 0, "LineFontFace": ""}, {"WordID": "word_1", "WordStartX": 368, "WordStartY": 1576, "WordWidth": 74, "WordHeight": 26, "WordValue": "Sales", "WordOCRConfidence": "99999", "WordCharN": 5, "bold": "false", "italic": "false", "underlined": "none", "WordFontSize": "1000", "WordFontSizeGroup": 0, "LineFontFace": ""}, {"WordID": "word_2", "WordStartX": 455, "WordStartY": 1579, "WordWidth": 47, "WordHeight": 22, "WordValue": "Tax", "WordOCRConfidence": "999", "WordCharN": 3, "bold": "false", "italic": "false", "underlined": "none", "WordFontSize": "1000", "WordFontSizeGroup": 0, "LineFontFace": ""}, {"WordID": "word_3", "WordStartX": 1157, "WordStartY": 1574, "WordWidth": 76, "WordHeight": 31, "WordValue": "$2.78", "WordOCRConfidence": "99999", "WordCharN": 5, "bold": "false", "italic": "false", "underlined": "none", "WordFontSize": "1000", "WordFontSizeGroup": 0, "LineFontFace": ""}], "LineFontFace": "", "LineValue": "State Sales Tax $2.78"}, {"LineID": "line_2", "LineStartX": 281, "LineStartY": 1625, "LineWidth": 950, "LineHeight": 25, "WordList": [{"WordID": "word_0", "WordStartX": 281, "WordStartY": 1625, "WordWidth": 137, "WordHeight": 25, "WordValue": "Franchise", "WordOCRConfidence": "999999999", "WordCharN": 9, "bold": "false", "italic": "false", "underlined": "none", "WordFontSize": "1000", "WordFontSizeGroup": 0, "LineFontFace": ""}, {"WordID": "word_1", "WordStartX": 431, "WordStartY": 1625, "WordWidth": 110, "WordHeight": 25, "WordValue": "Rellated", "WordOCRConfidence": "99999999", "WordCharN": 8, "bold": "false", "italic": "false", "underlined": "none", "WordFontSize": "1000", "WordFontSizeGroup": 0, "LineFontFace": ""}, {"WordID": "word_2", "WordStartX": 555, "WordStartY": 1626, "WordWidth": 49, "WordHeight": 23, "WordValue": "Fee", "WordOCRConfidence": "999", "WordCharN": 3, "bold": "false", "italic": "false", "underlined": "none", "WordFontSize": "1000", "WordFontSizeGroup": 0, "LineFontFace": ""}, {"WordID": "word_3", "WordStartX": 1177, "WordStartY": 1626, "WordWidth": 53, "WordHeight": 20, "WordValue": "3.05", "WordOCRConfidence": "9999", "WordCharN": 4, "bold": "false", "italic": "false", "underlined": "none", "WordFontSize": "1000", "WordFontSizeGroup": 0, "LineFontFace": ""}], "LineFontFace": "", "LineValue": "Franchise Rellated Fee 3.05"}]}, {"BlockID": "block_10", "BlockStartX": 254, "BlockStartY": 1736, "BlockWidth": 977, "BlockHeight": 33, "LineList": [{"LineID": "line_0", "LineStartX": 254, "LineStartY": 1736, "LineWidth": 976, "LineHeight": 33, "WordList": [{"WordID": "word_0", "WordStartX": 254, "WordStartY": 1738, "WordWidth": 75, "WordHeight": 25, "WordValue": "Total", "WordOCRConfidence": "99999", "WordCharN": 5, "bold": "false", "italic": "true", "underlined": "none", "WordFontSize": "1000", "WordFontSizeGroup": 0, "LineFontFace": ""}, {"WordID": "word_1", "WordStartX": 339, "WordStartY": 1740, "WordWidth": 100, "WordHeight": 23, "WordValue": "Tones", "WordOCRConfidence": "99999", "WordCharN": 5, "bold": "false", "italic": "true", "underlined": "none", "WordFontSize": "1000", "WordFontSizeGroup": 0, "LineFontFace": ""}, {"WordID": "word_2", "WordStartX": 450, "WordStartY": 1740, "WordWidth": 22, "WordHeight": 23, "WordValue": "&", "WordOCRConfidence": "9", "WordCharN": 1, "BackColor": "ffffff", "bold": "false", "italic": "true", "underlined": "none", "WordFontSize": "1000", "WordFontSizeGroup": 0, "LineFontFace": ""}, {"WordID": "word_3", "WordStartX": 484, "WordStartY": 1738, "WordWidth": 158, "WordHeight": 31, "WordValue": "Surcharges", "WordOCRConfidence": "9999999999", "WordCharN": 10, "bold": "false", "italic": "true", "underlined": "none", "WordFontSize": "1000", "WordFontSizeGroup": 0, "LineFontFace": ""}, {"WordID": "word_4", "WordStartX": 1157, "WordStartY": 1737, "WordWidth": 72, "WordHeight": 31, "WordValue": "$5.83", "WordOCRConfidence": "99999", "WordCharN": 5, "bold": "false", "italic": "false", "underlined": "none", "WordFontSize": "1000", "WordFontSizeGroup": 0, "LineFontFace": ""}], "LineFontFace": "", "LineValue": "Total Tones & Surcharges $5.83"}]}, {"BlockID": "block_11", "BlockStartX": 254, "BlockStartY": 1818, "BlockWidth": 1024, "BlockHeight": 37, "LineList": [{"LineID": "line_0", "LineStartX": 254, "LineStartY": 1818, "LineWidth": 1022, "LineHeight": 36, "WordList": [{"WordID": "word_0", "WordStartX": 254, "WordStartY": 1823, "WordWidth": 115, "WordHeight": 27, "WordValue": "TOTAL", "WordOCRConfidence": "99999", "WordCharN": 5, "bold": "true", "italic": "true", "underlined": "none", "WordFontSize": "1300", "WordFontSizeGroup": 1, "LineFontFace": ""}, {"WordID": "word_1", "WordStartX": 382, "WordStartY": 1823, "WordWidth": 169, "WordHeight": 27, "WordValue": "CHARGES", "WordOCRConfidence": "9999999", "WordCharN": 7, "bold": "true", "italic": "true", "underlined": "none", "WordFontSize": "1300", "WordFontSizeGroup": 1, "LineFontFace": ""}, {"WordID": "word_2", "WordStartX": 561, "WordStartY": 1823, "WordWidth": 74, "WordHeight": 27, "WordValue": "FOR", "WordOCRConfidence": "999", "WordCharN": 3, "bold": "true", "italic": "true", "underlined": "none", "WordFontSize": "1300", "WordFontSizeGroup": 1, "LineFontFace": ""}, {"WordID": "word_3", "WordStartX": 648, "WordStartY": 1823, "WordWidth": 67, "WordHeight": 27, "WordValue": "THE", "WordOCRConfidence": "999", "WordCharN": 3, "bold": "true", "italic": "true", "underlined": "none", "WordFontSize": "1300", "WordFontSizeGroup": 1, "LineFontFace": ""}, {"WordID": "word_4", "WordStartX": 725, "WordStartY": 1823, "WordWidth": 135, "WordHeight": 27, "WordValue": "PERIOD", "WordOCRConfidence": "999999", "WordCharN": 6, "bold": "true", "italic": "true", "underlined": "none", "WordFontSize": "1300", "WordFontSizeGroup": 1, "LineFontFace": ""}, {"WordID": "word_5", "WordStartX": 1157, "WordStartY": 1818, "WordWidth": 119, "WordHeight": 36, "WordValue": "$55.18", "WordOCRConfidence": "999999", "WordCharN": 6, "bold": "true", "italic": "false", "underlined": "none", "WordFontSize": "1300", "WordFontSizeGroup": 1, "LineFontFace": ""}], "LineFontFace": "", "LineValue": "TOTAL CHARGES FOR THE PERIOD $55.18"}]}, {"BlockID": "block_12", "BlockStartX": 559, "BlockStartY": 2029, "BlockWidth": 595, "BlockHeight": 107, "LineList": [{"LineID": "line_0", "LineStartX": 757, "LineStartY": 2029, "LineWidth": 196, "LineHeight": 21, "WordList": [{"WordID": "word_0", "WordStartX": 757, "WordStartY": 2029, "WordWidth": 148, "WordHeight": 21, "WordValue": "CONTACT", "WordOCRConfidence": "9999999", "WordCharN": 7, "bold": "false", "italic": "true", "underlined": "none", "WordFontSize": "1000", "WordFontSizeGroup": 0, "LineFontFace": ""}, {"WordID": "word_1", "WordStartX": 913, "WordStartY": 2029, "WordWidth": 40, "WordHeight": 21, "WordValue": "US", "WordOCRConfidence": "99", "WordCharN": 2, "bold": "false", "italic": "true", "underlined": "none", "WordFontSize": "1000", "WordFontSizeGroup": 0, "LineFontFace": ""}], "LineFontFace": "", "LineValue": "CONTACT US"}, {"LineID": "line_1", "LineStartX": 559, "LineStartY": 2069, "LineWidth": 594, "LineHeight": 30, "WordList": [{"WordID": "word_0", "WordStartX": 559, "WordStartY": 2070, "WordWidth": 29, "WordHeight": 22, "WordValue": "+1", "WordOCRConfidence": "99", "WordCharN": 2, "bold": "false", "italic": "true", "underlined": "none", "WordFontSize": "1000", "WordFontSizeGroup": 0, "LineFontFace": ""}, {"WordID": "word_1", "WordStartX": 600, "WordStartY": 2070, "WordWidth": 194, "WordHeight": 27, "WordValue": "800-223-2093,", "WordOCRConfidence": "9999999999999", "WordCharN": 13, "bold": "false", "italic": "true", "underlined": "none", "WordFontSize": "1000", "WordFontSizeGroup": 0, "LineFontFace": ""}, {"WordID": "word_2", "WordStartX": 807, "WordStartY": 2077, "WordWidth": 31, "WordHeight": 22, "WordValue": "go", "WordOCRConfidence": "99", "WordCharN": 2, "bold": "false", "italic": "true", "underlined": "none", "WordFontSize": "1000", "WordFontSizeGroup": 0, "LineFontFace": ""}, {"WordID": "word_3", "WordStartX": 849, "WordStartY": 2070, "WordWidth": 77, "WordHeight": 23, "WordValue": "online", "WordOCRConfidence": "999999", "WordCharN": 6, "bold": "false", "italic": "true", "underlined": "none", "WordFontSize": "1000", "WordFontSizeGroup": 0, "LineFontFace": ""}, {"WordID": "word_4", "WordStartX": 938, "WordStartY": 2070, "WordWidth": 37, "WordHeight": 23, "WordValue": "for", "WordOCRConfidence": "999", "WordCharN": 3, "bold": "false", "italic": "true", "underlined": "none", "WordFontSize": "1000", "WordFontSizeGroup": 0, "LineFontFace": ""}, {"WordID": "word_5", "WordStartX": 983, "WordStartY": 2077, "WordWidth": 15, "WordHeight": 16, "WordValue": "a", "WordOCRConfidence": "9", "WordCharN": 1, "BackColor": "ffffff", "bold": "false", "italic": "true", "underlined": "none", "WordFontSize": "1000", "WordFontSizeGroup": 0, "LineFontFace": ""}, {"WordID": "word_6", "WordStartX": 1008, "WordStartY": 2070, "WordWidth": 43, "WordHeight": 23, "WordValue": "live", "WordOCRConfidence": "9999", "WordCharN": 4, "bold": "false", "italic": "true", "underlined": "none", "WordFontSize": "1000", "WordFontSizeGroup": 0, "LineFontFace": ""}, {"WordID": "word_7", "WordStartX": 1062, "WordStartY": 2070, "WordWidth": 57, "WordHeight": 23, "WordValue": "chat", "WordOCRConfidence": "9999", "WordCharN": 4, "bold": "false", "italic": "true", "underlined": "none", "WordFontSize": "1000", "WordFontSizeGroup": 0, "LineFontFace": ""}, {"WordID": "word_8", "WordStartX": 1129, "WordStartY": 2072, "WordWidth": 23, "WordHeight": 21, "WordValue": "at", "WordOCRConfidence": "99", "WordCharN": 2, "bold": "false", "italic": "true", "underlined": "none", "WordFontSize": "1000", "WordFontSizeGroup": 0, "LineFontFace": ""}], "LineFontFace": "", "LineValue": "+1 800-223-2093, go online for a live chat at"}, {"LineID": "line_2", "LineStartX": 696, "LineStartY": 2111, "LineWidth": 294, "LineHeight": 25, "WordList": [{"WordID": "word_0", "WordStartX": 696, "WordStartY": 2111, "WordWidth": 227, "WordHeight": 24, "WordValue": "www.hovershift", "WordOCRConfidence": "99999999999999", "WordCharN": 14, "bold": "false", "italic": "true", "underlined": "none", "WordFontSize": "1000", "WordFontSizeGroup": 0, "LineFontFace": ""}, {"WordID": "word_1", "WordStartX": 930, "WordStartY": 2117, "WordWidth": 60, "WordHeight": 18, "WordValue": "corn", "WordOCRConfidence": "9999", "WordCharN": 4, "bold": "false", "italic": "true", "underlined": "none", "WordFontSize": "1000", "WordFontSizeGroup": 0, "LineFontFace": ""}], "LineFontFace": "", "LineValue": "www.hovershift corn"}]}], "TableList": [], "BarcodeList": [], "checkboxes": [{"xmin": 736, "ymin": 568, "width": 52, "height": 52, "checkbox_value": true, "leftwordDist": 88, "rightwordDist": 375, "avgLeftWordDistance": 32.69230769230769, "avgRightWordDistance": 111.46153846153847}, {"xmin": 327, "ymin": 559, "width": 54, "height": 54, "checkbox_value": true, "leftwordDist": 0, "rightwordDist": 69, "avgLeftWordDistance": 32.69230769230769, "avgRightWordDistance": 111.46153846153847}, {"xmin": 750, "ymin": 576, "width": 44, "height": 44, "checkbox_value": false, "leftwordDist": 102, "rightwordDist": 369, "avgLeftWordDistance": 32.69230769230769, "avgRightWordDistance": 111.46153846153847}, {"xmin": 286, "ymin": 960, "width": 36, "height": 36, "checkbox_value": true, "leftwordDist": 0, "rightwordDist": 123, "avgLeftWordDistance": 32.69230769230769, "avgRightWordDistance": 111.46153846153847}, {"xmin": 378, "ymin": 570, "width": 44, "height": 44, "checkbox_value": true, "leftwordDist": 0, "rightwordDist": 28, "avgLeftWordDistance": 32.69230769230769, "avgRightWordDistance": 111.46153846153847}, {"xmin": 580, "ymin": 964, "width": 32, "height": 32, "checkbox_value": true, "leftwordDist": 30, "rightwordDist": 60, "avgLeftWordDistance": 32.69230769230769, "avgRightWordDistance": 111.46153846153847}, {"xmin": 341, "ymin": 963, "width": 34, "height": 34, "checkbox_value": true, "leftwordDist": 0, "rightwordDist": 70, "avgLeftWordDistance": 32.69230769230769, "avgRightWordDistance": 111.46153846153847}, {"xmin": 1329, "ymin": 133, "width": 26, "height": 26, "checkbox_value": false, "leftwordDist": 0, "rightwordDist": 0, "avgLeftWordDistance": 32.69230769230769, "avgRightWordDistance": 111.46153846153847}, {"xmin": 408, "ymin": 1620, "width": 36, "height": 36, "checkbox_value": true, "leftwordDist": 0, "rightwordDist": 116, "avgLeftWordDistance": 32.69230769230769, "avgRightWordDistance": 111.46153846153847}, {"xmin": 400, "ymin": 588, "width": 36, "height": 36, "checkbox_value": false, "leftwordDist": 0, "rightwordDist": 727, "avgLeftWordDistance": 32.69230769230769, "avgRightWordDistance": 111.46153846153847}, {"xmin": 371, "ymin": 963, "width": 34, "height": 34, "checkbox_value": true, "leftwordDist": 0, "rightwordDist": 40, "avgLeftWordDistance": 32.69230769230769, "avgRightWordDistance": 111.46153846153847}, {"xmin": 595, "ymin": 963, "width": 26, "height": 26, "checkbox_value": true, "leftwordDist": 45, "rightwordDist": 51, "avgLeftWordDistance": 32.69230769230769, "avgRightWordDistance": 111.46153846153847}, {"xmin": 1240, "ymin": 274, "width": 36, "height": 36, "checkbox_value": true, "leftwordDist": 0, "rightwordDist": 99, "avgLeftWordDistance": 32.69230769230769, "avgRightWordDistance": 111.46153846153847}, {"xmin": 397, "ymin": 963, "width": 34, "height": 34, "checkbox_value": true, "leftwordDist": 0, "rightwordDist": 14, "avgLeftWordDistance": 32.69230769230769, "avgRightWordDistance": 111.46153846153847}, {"xmin": 358, "ymin": 1314, "width": 36, "height": 36, "checkbox_value": true, "leftwordDist": 0, "rightwordDist": 29, "avgLeftWordDistance": 32.69230769230769, "avgRightWordDistance": 111.46153846153847}, {"xmin": 332, "ymin": 1622, "width": 32, "height": 32, "checkbox_value": true, "leftwordDist": 0, "rightwordDist": 72, "avgLeftWordDistance": 32.69230769230769, "avgRightWordDistance": 111.46153846153847}, {"xmin": 626, "ymin": 962, "width": 36, "height": 36, "checkbox_value": true, "leftwordDist": 76, "rightwordDist": 10, "avgLeftWordDistance": 32.69230769230769, "avgRightWordDistance": 111.46153846153847}, {"xmin": 534, "ymin": 964, "width": 32, "height": 32, "checkbox_value": false, "leftwordDist": 109, "rightwordDist": 3, "avgLeftWordDistance": 32.69230769230769, "avgRightWordDistance": 111.46153846153847}, {"xmin": 356, "ymin": 966, "width": 32, "height": 32, "checkbox_value": true, "leftwordDist": 0, "rightwordDist": 57, "avgLeftWordDistance": 32.69230769230769, "avgRightWordDistance": 111.46153846153847}, {"xmin": 307, "ymin": 967, "width": 26, "height": 26, "checkbox_value": true, "leftwordDist": 0, "rightwordDist": 112, "avgLeftWordDistance": 32.69230769230769, "avgRightWordDistance": 111.46153846153847}, {"xmin": 477, "ymin": 1309, "width": 30, "height": 30, "checkbox_value": true, "leftwordDist": 71, "rightwordDist": 20, "avgLeftWordDistance": 32.69230769230769, "avgRightWordDistance": 111.46153846153847}, {"xmin": 495, "ymin": 967, "width": 26, "height": 26, "checkbox_value": true, "leftwordDist": 70, "rightwordDist": 48, "avgLeftWordDistance": 32.69230769230769, "avgRightWordDistance": 111.46153846153847}, {"xmin": 548, "ymin": 962, "width": 32, "height": 32, "checkbox_value": true, "leftwordDist": 123, "rightwordDist": 92, "avgLeftWordDistance": 32.69230769230769, "avgRightWordDistance": 111.46153846153847}, {"xmin": 309, "ymin": 1315, "width": 30, "height": 30, "checkbox_value": true, "leftwordDist": 0, "rightwordDist": 84, "avgLeftWordDistance": 32.69230769230769, "avgRightWordDistance": 111.46153846153847}, {"xmin": 444, "ymin": 514, "width": 36, "height": 36, "checkbox_value": true, "leftwordDist": 62, "rightwordDist": 9, "avgLeftWordDistance": 32.69230769230769, "avgRightWordDistance": 111.46153846153847}, {"xmin": 422, "ymin": 964, "width": 28, "height": 28, "checkbox_value": true, "leftwordDist": 0, "rightwordDist": 119, "avgLeftWordDistance": 32.69230769230769, "avgRightWordDistance": 111.46153846153847}, {"xmin": 676, "ymin": 968, "width": 28, "height": 28, "checkbox_value": true, "leftwordDist": 23, "rightwordDist": 453, "avgLeftWordDistance": 32.69230769230769, "avgRightWordDistance": 111.46153846153847}, {"xmin": 497, "ymin": 1629, "width": 26, "height": 26, "checkbox_value": true, "leftwordDist": 79, "rightwordDist": 37, "avgLeftWordDistance": 32.69230769230769, "avgRightWordDistance": 111.46153846153847}, {"xmin": 419, "ymin": 517, "width": 26, "height": 26, "checkbox_value": true, "leftwordDist": 37, "rightwordDist": 21, "avgLeftWordDistance": 32.69230769230769, "avgRightWordDistance": 111.46153846153847}, {"xmin": 329, "ymin": 971, "width": 22, "height": 22, "checkbox_value": true, "leftwordDist": 0, "rightwordDist": 94, "avgLeftWordDistance": 32.69230769230769, "avgRightWordDistance": 111.46153846153847}, {"xmin": 452, "ymin": 1630, "width": 20, "height": 20, "checkbox_value": true, "leftwordDist": 34, "rightwordDist": 88, "avgLeftWordDistance": 32.69230769230769, "avgRightWordDistance": 111.46153846153847}, {"xmin": 553, "ymin": 523, "width": 26, "height": 26, "checkbox_value": true, "leftwordDist": 81, "rightwordDist": 20, "avgLeftWordDistance": 32.69230769230769, "avgRightWordDistance": 111.46153846153847}, {"xmin": 564, "ymin": 966, "width": 24, "height": 24, "checkbox_value": true, "leftwordDist": 14, "rightwordDist": 84, "avgLeftWordDistance": 32.69230769230769, "avgRightWordDistance": 111.46153846153847}, {"xmin": 668, "ymin": 968, "width": 24, "height": 24, "checkbox_value": false, "leftwordDist": 15, "rightwordDist": 465, "avgLeftWordDistance": 32.69230769230769, "avgRightWordDistance": 111.46153846153847}, {"xmin": 445, "ymin": 973, "width": 26, "height": 26, "checkbox_value": true, "leftwordDist": 20, "rightwordDist": 98, "avgLeftWordDistance": 32.69230769230769, "avgRightWordDistance": 111.46153846153847}, {"xmin": 568, "ymin": 522, "width": 24, "height": 24, "checkbox_value": true, "leftwordDist": 96, "rightwordDist": 7, "avgLeftWordDistance": 32.69230769230769, "avgRightWordDistance": 111.46153846153847}, {"xmin": 510, "ymin": 972, "width": 20, "height": 20, "checkbox_value": true, "leftwordDist": 85, "rightwordDist": 39, "avgLeftWordDistance": 32.69230769230769, "avgRightWordDistance": 111.46153846153847}, {"xmin": 554, "ymin": 570, "width": 20, "height": 20, "checkbox_value": true, "leftwordDist": 15, "rightwordDist": 89, "avgLeftWordDistance": 32.69230769230769, "avgRightWordDistance": 111.46153846153847}, {"xmin": 270, "ymin": 524, "width": 20, "height": 20, "checkbox_value": true, "leftwordDist": 0, "rightwordDist": 56, "avgLeftWordDistance": 32.69230769230769, "avgRightWordDistance": 111.46153846153847}], "signatures": [{"x": 1322, "y": 117, "width": 50, "height": 49}, {"x": 1242, "y": 288, "width": 39, "height": 36}], "PageInfo": {"Language": ["en"], "PageHeight": 2332, "PageID": "page_0", "PageNo": 0, "dpix": 212, "dpiy": 212, "PageStartX": 0, "PageStartY": 0, "PageWidth": 1648, "PageOCRConfidence": 10.0, "Blank": false, "OCREngine": "omni", "ImageLoc": [{"ImageStartX": 195, "ImageStartY": 213, "ImageWidth": 1214, "ImageHeight": 1922, "AnchorWords": {"left": "Page", "top": "Page", "right": "ift", "bottom": "www.hovershift"}, "FoundBy": "words"}], "dominant_font_size": 24.78787878787879, "KVPMLModel": null}, "PageString_OCREngine": "Page 2/2 Service Period\u20ac 005673-93754 Cable TV Nan - Digital HD Includes: Digital Stoner Programming, $ 7.54 $4.90 Interactive Program Guide, Music Choice Total Base Cable Fee $ 12.44 ift Cable Additional Senrices Pay Per View Service $9.50 Additional Outlet- Digital Converter $7.33 Total Additional Service Charges 5 16.83 Other Charges Broadcast TV Fee $ 11.76 Regional Spons Pee $8.32 Total Other Charges $20.08 Taxes & Surcharges State Sales Tax $2.78 Franchise Rellated Fee 3.05 Total Tones & Surcharges $5.83 TOTAL CHARGES FOR THE PERIOD $55.18 CONTACT US +1 800-223-2093, go online for a live chat at www.hovershift corn ", "allSystemTKVPs": [], "KVPTable": [{"Key": "Service Charges", "Value": "16.83", "KeyStartX": 495, "KeyStartY": 1123, "KeyWidth": 232, "KeyHeight": 29, "KeyConfidence": 9.0, "ValueStartX": 1182, "ValueStartY": 1120, "ValueWidth": 70, "ValueHeight": 22, "ValueConfidence": 9.0, "ValueType": "text", "Sensitivity": false, "Mandatory": false, "KVPID": "1520ee08a249436c86678f524be4a5d3", "KeyClass": "UnpaidBalance", "KeyClassID": "ab76ca16-0adb-44ca-9bf7-80ad5618fc85", "KeyClassConfidence": "Low", "KeyClassConfidenceNum": 64.51612903225806, "PageNumber": 0, "OriginalValue": "16.83", "Reserved2": 12, "ValidatorResult": "Fail", "ValidatorFailures": {"AND": [{"ValidatorName": "Low Confidence Validator", "ValidatorReference": "sys.Amount.LowConfidenceValidator", "ValidatorType": "confidencevalidator", "Description": "Low Confidence Validator", "FailureReason": "Value confidence lower than the specified threshold", "Severity": "Warning"}]}}, {"Key": "Total Other Charges", "Value": "20.08", "KeyStartX": 254, "KeyStartY": 1429, "KeyWidth": 289, "KeyHeight": 32, "KeyConfidence": 9.0, "ValueStartX": 1157, "ValueStartY": 1428, "ValueWidth": 85, "ValueHeight": 31, "ValueConfidence": 9.0, "ValueType": "text", "Sensitivity": false, "Mandatory": true, "KVPID": "f1ca83c43e1a439389f16a55a86167b6", "KeyClass": "TotalAmountDue", "KeyClassID": "d95059f6-2ff6-4223-b387-c79f19145ca3", "KeyClassConfidence": "Medium", "KeyClassConfidenceNum": 72.22222222222221, "PageNumber": 0, "OriginalValue": "$20.08", "Reserved2": 1, "ValidatorResult": "Pass"}, {"Key": "TOTAL CHARGES FOR", "Value": "55.18", "KeyStartX": 254, "KeyStartY": 1823, "KeyWidth": 381, "KeyHeight": 27, "KeyConfidence": 9.0, "ValueStartX": 1157, "ValueStartY": 1818, "ValueWidth": 119, "ValueHeight": 36, "ValueConfidence": 9.0, "ValueType": "text", "Sensitivity": false, "Mandatory": true, "KVPID": "8f96aca35e5a463da8341997955642bc", "KeyClass": "TotalAmountDue", "KeyClassID": "d95059f6-2ff6-4223-b387-c79f19145ca3", "KeyClassConfidence": "Medium", "KeyClassConfidenceNum": 82.35294117647058, "PageNumber": 0, "OriginalValue": "$55.18", "Reserved2": 12, "ValidatorResult": "Pass"}, {"Key": null, "Value": null, "KeyStartX": null, "KeyStartY": null, "KeyWidth": null, "KeyHeight": null, "KeyConfidence": null, "ValueStartX": null, "ValueStartY": null, "ValueWidth": null, "ValueHeight": null, "ValueConfidence": null, "ValueType": "text", "Sensitivity": false, "Mandatory": true, "KVPID": "060c033e539a45e19dee48b0b4e414d2", "KeyClass": "AccountNumber", "KeyClassID": "7209c9ba-9ed0-4c89-aa25-60dea4fc00f1", "KeyClassConfidence": "Low", "KeyClassConfidenceNum": 0, "PageNumber": 0, "ValidatorResult": "Fail", "ValidatorFailures": {"AND": [{"ValidatorName": "Required Value Validator", "ValidatorReference": "sys.String.RequiredValueValidator", "ValidatorType": "requiredvaluevalidator", "Description": "Required Value Validator", "FailureReason": "Required value is missing", "Severity": "Error"}]}}, {"Key": null, "Value": null, "KeyStartX": null, "KeyStartY": null, "KeyWidth": null, "KeyHeight": null, "KeyConfidence": null, "ValueStartX": null, "ValueStartY": null, "ValueWidth": null, "ValueHeight": null, "ValueConfidence": null, "ValueType": "text", "Sensitivity": false, "Mandatory": false, "KVPID": "0712be4f5b934c0fb633e92d5914d073", "KeyClass": "CustomerName", "KeyClassID": "90df5c15-2a57-400b-9811-3c6a26bec46b", "KeyClassConfidence": "Low", "KeyClassConfidenceNum": 0, "PageNumber": 0}, {"Key": null, "Value": null, "KeyStartX": null, "KeyStartY": null, "KeyWidth": null, "KeyHeight": null, "KeyConfidence": null, "ValueStartX": null, "ValueStartY": null, "ValueWidth": null, "ValueHeight": null, "ValueConfidence": null, "ValueType": "text", "Sensitivity": false, "Mandatory": false, "KVPID": "5b97437190404c4f9f3d03aae9dedfab", "KeyClass": "CustomerNumber", "KeyClassID": "d49f6fdf-dc2d-4465-b4fc-cabafa1d8273", "KeyClassConfidence": "Low", "KeyClassConfidenceNum": 0, "PageNumber": 0}, {"Key": null, "Value": null, "KeyStartX": null, "KeyStartY": null, "KeyWidth": null, "KeyHeight": null, "KeyConfidence": null, "ValueStartX": null, "ValueStartY": null, "ValueWidth": null, "ValueHeight": null, "ValueConfidence": null, "ValueType": "text", "Sensitivity": false, "Mandatory": false, "KVPID": "7f829dec741845b4a716d1e488014225", "KeyClass": "DueDate", "KeyClassID": "f442c86c-2421-4361-95e7-8e4eaced20dd", "KeyClassConfidence": "Low", "KeyClassConfidenceNum": 0, "PageNumber": 0}, {"Key": null, "Value": null, "KeyStartX": null, "KeyStartY": null, "KeyWidth": null, "KeyHeight": null, "KeyConfidence": null, "ValueStartX": null, "ValueStartY": null, "ValueWidth": null, "ValueHeight": null, "ValueConfidence": null, "ValueType": "text", "Sensitivity": false, "Mandatory": false, "KVPID": "0ee817d91f08432e8cc95dc88da5a872", "KeyClass": "Meternumber", "KeyClassID": "677d80f5-ea46-42c4-be60-0ac2bc2be4e6", "KeyClassConfidence": "Low", "KeyClassConfidenceNum": 0, "PageNumber": 0}, {"Key": null, "Value": null, "KeyStartX": null, "KeyStartY": null, "KeyWidth": null, "KeyHeight": null, "KeyConfidence": null, "ValueStartX": null, "ValueStartY": null, "ValueWidth": null, "ValueHeight": null, "ValueConfidence": null, "ValueType": "text", "Sensitivity": false, "Mandatory": false, "KVPID": "cc0c45c7b59c4fa1b884c2758e22208f", "KeyClass": "PaymentReceived", "KeyClassID": "bcee45e2-4a87-46f6-b69f-b5e1b11f3853", "KeyClassConfidence": "Low", "KeyClassConfidenceNum": 0, "PageNumber": 0}, {"Key": null, "Value": null, "KeyStartX": null, "KeyStartY": null, "KeyWidth": null, "KeyHeight": null, "KeyConfidence": null, "ValueStartX": null, "ValueStartY": null, "ValueWidth": null, "ValueHeight": null, "ValueConfidence": null, "ValueType": "text", "Sensitivity": false, "Mandatory": false, "KVPID": "b49e687d63264717b4c3ddf2ac10d820", "KeyClass": "PreviousBalance", "KeyClassID": "e428faf9-07bc-4b85-a432-ce905cf50ecd", "KeyClassConfidence": "Low", "KeyClassConfidenceNum": 0, "PageNumber": 0}, {"Key": null, "Value": null, "KeyStartX": null, "KeyStartY": null, "KeyWidth": null, "KeyHeight": null, "KeyConfidence": null, "ValueStartX": null, "ValueStartY": null, "ValueWidth": null, "ValueHeight": null, "ValueConfidence": null, "ValueType": "text", "Sensitivity": false, "Mandatory": false, "KVPID": "27cceb20af0e4f018eb344a7edeca91c", "KeyClass": "ServiceAddress", "KeyClassID": "803fb1f0-968a-45c6-8329-ab15f7a48d5b", "KeyClassConfidence": "Low", "KeyClassConfidenceNum": 0, "PageNumber": 0}, {"Key": null, "Value": null, "KeyStartX": null, "KeyStartY": null, "KeyWidth": null, "KeyHeight": null, "KeyConfidence": null, "ValueStartX": null, "ValueStartY": null, "ValueWidth": null, "ValueHeight": null, "ValueConfidence": null, "ValueType": "text", "Sensitivity": false, "Mandatory": false, "KVPID": "b331a40d37c04be7b5c8d70a793f06d1", "KeyClass": "StatementDate", "KeyClassID": "805032b6-bee4-4cc6-9ac9-bae6fa2e9df8", "KeyClassConfidence": "Low", "KeyClassConfidenceNum": 0, "PageNumber": 0}, {"Key": null, "Value": null, "KeyStartX": null, "KeyStartY": null, "KeyWidth": null, "KeyHeight": null, "KeyConfidence": null, "ValueStartX": null, "ValueStartY": null, "ValueWidth": null, "ValueHeight": null, "ValueConfidence": null, "ValueType": "text", "Sensitivity": false, "Mandatory": false, "KVPID": "eb0f43c833164e99ba4a5fb6e0c8f15e", "KeyClass": "StatementNumber", "KeyClassID": "ae3142f0-f6be-4d34-952e-ab5db80362c2", "KeyClassConfidence": "Low", "KeyClassConfidenceNum": 0, "PageNumber": 0}, {"Key": null, "Value": null, "KeyStartX": null, "KeyStartY": null, "KeyWidth": null, "KeyHeight": null, "KeyConfidence": null, "ValueStartX": null, "ValueStartY": null, "ValueWidth": null, "ValueHeight": null, "ValueConfidence": null, "ValueType": "text", "Sensitivity": false, "Mandatory": false, "KVPID": "37ba3fcc97e14609b1cb29c1d179fa99", "KeyClass": "UtilityCompanyAddress", "KeyClassID": "7efbeb56-6f6b-4806-9ed4-abc5c9961616", "KeyClassConfidence": "Low", "KeyClassConfidenceNum": 0, "PageNumber": 0}, {"Key": null, "Value": null, "KeyStartX": null, "KeyStartY": null, "KeyWidth": null, "KeyHeight": null, "KeyConfidence": null, "ValueStartX": null, "ValueStartY": null, "ValueWidth": null, "ValueHeight": null, "ValueConfidence": null, "ValueType": "text", "Sensitivity": false, "Mandatory": false, "KVPID": "d02768d012924dd28a75dcfc22a4a5ea", "KeyClass": "UtilityCompanyName", "KeyClassID": "803f7219-7527-4660-a659-170935e67080", "KeyClassConfidence": "Low", "KeyClassConfidenceNum": 0, "PageNumber": 0}]}], "version": {"type": "verbose", "releaseBase": "23.0.1", "patchVersion": "gm", "apiVersion": "v1"}}}]}