<?xml-stylesheet type="text/xsl" href="..\..\dco.xsl"?>
<B id="20230811.000003">
	<V n="TYPE">ADPDemo</V>
	<V n="LAST_RR_TPROFILE">Processing:3</V>
	<V n="LastScanSrcPath">C:\Datacap\ADPDemo\images\UBillCable_084_1_2.1.pdf</V>
	<V n="LastParentImage"></V>
	<P id="TM000001">
		<V n="TYPE">UtilityBill</V>
		<V n="IMAGEFILE">tm000001.tif</V>
		<V n="ScanSrcPath">C:\Datacap\ADPDemo\batches\20230811.000003\Import\20230811.000003.01.tif</V>
		<V n="STATUS">49</V>
		<V n="ADPDocType">UtilityBill</V>
		<V n="ADPDocTypeConfidence">High</V>
		<V n="ADPDocType_0">UtilityBill</V>
		<V n="ADPDocType_0Confidence">High</V>
		<V n="ADPDocType_1">Invoice</V>
		<V n="ADPDocType_1Confidence">Low</V>
		<V n="ADPDocType_2">BillOfLading</V>
		<V n="ADPDocType_2Confidence">Low</V>
		<V n="layout">TM000001_layout.xml</V>
		<V n="CCOFILE">TM000001.cco</V>
		<V n="DATAFILE">tm000001.xml</V>
	</P>
</B>
