{"aca_base_url":"https:\/\/ca-api-dtecp4ba.itzroks-270003rcdx-okg2mt-6ccd7f378ae819553d37d5f2ee142bd6-0000.us-east.containers.appdomain.cloud","adp_project_id":"5140361b-3811-4cd6-a350-fb6f78d7499e","analyze_target":"\/v1\/projects\/5140361b-3811-4cd6-a350-fb6f78d7499e\/analyzers","client_id":"ContentAnalyzer_UMS_icp4adeploy","client_secret":"91602439-fc5c-49af-a0a5-11d4fbaa7add","field_suffix":"","json_options":"ocr,dc,kvp,sn,hr,th,mt,ai,ds","login_target":"\/oidc\/endpoint\/ums\/token","multiThreading":"false","output_directory_path":"C:\/Temp\/StandaloneADP","output_options":"json","timeout_in_minutes":"5","ums_base_url":"https:\/\/ums-sso-ums-dtecp4ba.itzroks-270003rcdx-okg2mt-6ccd7f378ae819553d37d5f2ee142bd6-0000.us-east.containers.appdomain.cloud","ums_password":"[[35T1HExJjG83mOBY0VLMnKJ\/B8FpLwPSUiTfSkzrTaQ=]]","ums_username":"cp4admin"}