
{
	"ums_base_url": "https://ums-sso-adp-sales.cp4ba-prod-na-01-sales-b9aa1303e037748136e24e1f282ebee9-0000.us-east.containers.appdomain.cloud",
	"login_target": "",
	"ums_password": "Cp4badm1n!",
	"ums_username": "Cp4badmin",
	"aca_base_url": "https://aca-backend-adp-sales.cp4ba-prod-na-01-sales-b9aa1303e037748136e24e1f282ebee9-0000.us-east.containers.appdomain.cloud",
	"analyze_target": "",
	"adp_project_id": "0ee28918-7ecd-4874-b5dc-0bb1bfeae889",
	"client_id": "ContentAnalyzer_UMS_icp4adeploy",
	"client_secret": "f4f4c175-2955-453a-bf4b-2f591759a902",
	"json_options": "ocr,dc,kvp,sn,hr,th,mt,ai,ds",
	"output_directory_path": "C:/Temp/ADP",
	"output_options": "json",
	"multiThreading": "false",
	"field_suffix": "",
	"timeout_in_minutes": "3"
}
