<?xml version="1.0" encoding="UTF-8" standalone="yes"?>
<rsapp name="ADPDemo">
	<rsc>
		<ruleset id="2" name="Import Files - All" depends=""/>
		<ruleset id="21" name="---------------------------------------- Processing" depends=""/>
		<ruleset id="17" name="Convert" depends=""/>
		<ruleset id="18" name="PageID" depends=""/>
		<ruleset id="16" name="Create TIF" depends=""/>
		<ruleset id="30" name="Delete split docs before importing merged TIF" depends=""/>
		<ruleset id="29" name="Merged TIF import" depends=""/>
		<ruleset id="28" name="Set page type before ADP" depends=""/>
		<ruleset id="3" name="Call ADP - No DCA - UPDATE ME" depends=""/>
		<ruleset id="36" name="------------------------------------- PostProcessing Start" depends=""/>
		<ruleset name.dll="CreateDocuments" id="CreateDocuments" depends=""/>
		<ruleset id="33" name="Split UtilityBill To Mutipage TIF - CHANGE FOR OTHER TYPES" depends=""/>
		<ruleset id="4" name="Set page type as per ADP classification -- UNUSED" depends=""/>
		<ruleset id="40" name="Add ADP fields to individual pages" depends=""/>
		<ruleset id="37" name="Delete Source Doc" depends=""/>
		<ruleset id="35" name="Create CCO from ADP results - CHANGE FOR OTHER TYPES" depends=""/>
		<ruleset id="31" name="Move ADP Fields To First Page - CHANGE FOR OTHER TYPES" depends=""/>
		<ruleset id="22" name="Refresh DC Fields With ADP Fields - CHANGE FOR OTHER TYPES" depends=""/>
		<ruleset id="14" name="MergeCCOs - CHANGE FOR OTHER TYPES" depends=""/>
		<ruleset name="Routing" id="10" depends=""/>
		<ruleset id="1" name="FirstPageStuff - CHANGE FOR OTHER TYPES" depends=""/>
		<ruleset id="24" name="---------------------------------------- Verify" depends=""/>
		<ruleset id="6" name="Validate - CHANGE FOR OTHER TYPES" depends=""/>
		<ruleset id="19" name="Delete flagged fields" depends=""/>
		<ruleset id="9" name="Delete fields with a value of X in them" depends=""/>
		<ruleset id="25" name="---------------------------------------- Export" depends=""/>
		<ruleset name="Export" id="7" depends=""/>
		<ruleset id="26" name="---------------------------------------- DeleteField" depends=""/>
		<ruleset id="15" name="Manual field delete" depends=""/>
		<ruleset id="23" name="---------------------------------------- Not used" depends=""/>
		<ruleset id="20" name="Flag KVPs for deletion" depends=""/>
		<ruleset id="27" name="Fingerprint" depends=""/>
		<ruleset id="34" name="Flag first page in doc" depends=""/>
		<ruleset name.dll="RecognizePagesAndFields" id="RecognizePagesAndFields" depends=""/>
		<ruleset name="FingerprintAdd" id="8" depends=""/>
		<ruleset name="Export Statistics" id="Export Statistics" depends=""/>
		<ruleset name="Profile Statistics" id="Profile Statistics" depends=""/>
		<ruleset name.dll="ImageEnhancement" id="ImageEnhancement" depends=""/>
		<ruleset name.dll="Image_Convert" id="Image_Convert" depends=""/>
		<ruleset name.dll="IdentifyPages" id="IdentifyPages" depends=""/>
		<ruleset id="ImportFiles.Rul.dll" name.dll="ImportFiles" depends=""/>
		<ruleset id="ValidateFields.Rul.dll" name.dll="ValidateFields" depends=""/>
		<ruleset id="39" name="Propagate Datafile" depends=""/>
	</rsc>
	<tps>
		<tprofile name="VScan">
			<ruleset id="2"/>
		</tprofile>
		<tprofile name="Processing">
			<ruleset id="17"/>
			<ruleset id="18"/>
			<ruleset id="CreateDocuments"/>
			<ruleset id="16"/>
			<ruleset id="30"/>
			<ruleset id="29"/>
			<ruleset id="28"/>
			<ruleset id="3"/>
		</tprofile>
		<tprofile name="Verify">
			<ruleset id="6"/>
		</tprofile>
		<tprofile name="Export">
			<ruleset id="7"/>
		</tprofile>
		<tprofile name="PostProcessing">
			<ruleset id="CreateDocuments"/>
			<ruleset id="33"/>
			<ruleset id="4"/>
			<ruleset id="40"/>
			<ruleset id="37"/>
			<ruleset id="35"/>
			<ruleset id="31"/>
			<ruleset id="22"/>
			<ruleset id="14"/>
			<ruleset id="6"/>
			<ruleset id="10"/>
			<ruleset id="1"/>
		</tprofile>
		<tprofile name="DeleteField">
			<ruleset id="15"/>
		</tprofile>
		<tprofile name="Delete field">
			<ruleset id="15"/>
		</tprofile>
		<tprofile name="Test">
			<ruleset id="17"/>
			<ruleset id="18"/>
			<ruleset id="CreateDocuments"/>
			<ruleset id="16"/>
			<ruleset id="30"/>
			<ruleset id="29"/>
			<ruleset id="28"/>
		</tprofile>
		<tprofile name="JustFirstPageStuff">
			<ruleset id="1"/>
		</tprofile>
	</tps>
</rsapp>