<?xml-stylesheet type="text/xsl" href="..\..\dco.xsl"?>
<S>
	<B type="ADPDemo">
		<V n="ID">0</V>
		<V n="TYPE">Batch</V>
		<V n="STATUS">0</V>
		<V n="MIN_TYPES">0</V>
		<V n="MAX_TYPES">0</V>
		<V n="rules">&lt;in /&gt;&lt;out /&gt;</V>
		<P type="Other" pos="0" min="0" max="0"/>
		<D type="Temp Doc" pos="0" min="0" max="0"/>
		<D type="Drug Claim Form" pos="0" min="0" max="0"/>
		<D type="UtilityBill" pos="0" min="0" max="0"/>
	</B>
	<D type="Drug Claim Form">
		<V n="ID">0</V>
		<V n="TYPE">Document</V>
		<V n="STATUS">0</V>
		<V n="DOC DATA">0</V>
		<V n="MIN_TYPES">0</V>
		<V n="MAX_TYPES">0</V>
		<V n="rules">&lt;in /&gt;&lt;out /&gt;</V>
		<P type="Drug Claim Form Page1" pos="1" min="1" max="1"/>
		<P type="Drug Claim Form Page2" pos="0" min="0" max="0"/>
	</D>
	<D type="Temp Doc">
		<V n="ID">0</V>
		<V n="TYPE">Document</V>
		<V n="STATUS">0</V>
		<V n="DOC DATA">0</V>
		<V n="MIN_TYPES">0</V>
		<V n="MAX_TYPES">0</V>
		<V n="rules">&lt;in&gt;&lt;r id=&quot;1&quot; rs=&quot;16&quot; /&gt;&lt;/in&gt;&lt;out /&gt;</V>
		<P type="Page1" pos="0" min="0" max="1"/>
		<P type="Trailing" pos="0" min="0" max="0"/>
	</D>
	<D type="UtilityBill">
		<V n="ID">0</V>
		<V n="TYPE">Document</V>
		<V n="STATUS">0</V>
		<V n="DOC DATA">0</V>
		<V n="MIN_TYPES">0</V>
		<V n="MAX_TYPES">0</V>
		<V n="rules">&lt;in /&gt;&lt;out /&gt;</V>
		<P type="UtilityBill" pos="0" min="0" max="1"/>
		<P type="StatementTrailing" pos="0" min="0" max="0"/>
	</D>
	<P type="Other">
		<V n="ID">0</V>
		<V n="TYPE">Page</V>
		<V n="STATUS">0</V>
		<V n="IMAGEFILE"></V>
		<V n="DATAFILE"></V>
		<V n="TEMPLATE IMAGE"></V>
		<V n="MIN_TYPES">0</V>
		<V n="MAX_TYPES">0</V>
		<V n="rules">&lt;in /&gt;&lt;out /&gt;</V>
	</P>
	<P type="Drug Claim Form Page1">
		<V n="ID">0</V>
		<V n="TYPE">Page</V>
		<V n="STATUS">0</V>
		<V n="IMAGEFILE"></V>
		<V n="DATAFILE"></V>
		<V n="TEMPLATE IMAGE"></V>
		<V n="MIN_TYPES">0</V>
		<V n="MAX_TYPES">0</V>
		<V n="rules">&lt;in /&gt;&lt;out /&gt;</V>
		<F type="Cardholder identification" pos="0" min="0" max="0"/>
		<F type="Group number" pos="0" min="0" max="0"/>
		<F type="Cardholder name" pos="0" min="0" max="0"/>
		<F type="Street address" pos="0" min="0" max="0"/>
		<F type="Date of birth" pos="0" min="0" max="0"/>
		<F type="City" pos="0" min="0" max="0"/>
		<F type="State" pos="0" min="0" max="0"/>
		<F type="Zip code" pos="0" min="0" max="0"/>
		<F type="Pharmacy name" pos="0" min="0" max="0"/>
		<F type="Pharmacy NPI" pos="0" min="0" max="0"/>
		<F type="A - Traveled outside checkbox" pos="0" min="0" max="0"/>
		<F type="B - Unable to obtain medication checkbox" pos="0" min="0" max="0"/>
		<F type="C - Medication not stocked - Checkbox" pos="0" min="0" max="0"/>
		<F type="D - Patient in emergency checkbox" pos="0" min="0" max="0"/>
		<F type="E - Received vaccine checkbox" pos="0" min="0" max="0"/>
		<F type="F - Health emergency checkbox" pos="0" min="0" max="0"/>
	</P>
	<P type="Page1">
		<V n="ID">0</V>
		<V n="TYPE">Page</V>
		<V n="STATUS">0</V>
		<V n="IMAGEFILE"></V>
		<V n="DATAFILE"></V>
		<V n="TEMPLATE IMAGE"></V>
		<V n="MIN_TYPES">0</V>
		<V n="MAX_TYPES">0</V>
		<V n="rules">&lt;in /&gt;&lt;out /&gt;</V>
	</P>
	<P type="Trailing">
		<V n="ID">0</V>
		<V n="TYPE">Page</V>
		<V n="STATUS">0</V>
		<V n="IMAGEFILE"></V>
		<V n="DATAFILE"></V>
		<V n="TEMPLATE IMAGE"></V>
		<V n="MIN_TYPES">0</V>
		<V n="MAX_TYPES">0</V>
		<V n="rules">&lt;in /&gt;&lt;out /&gt;</V>
	</P>
	<P type="Drug Claim Form Page2">
		<V n="ID">0</V>
		<V n="TYPE">Page</V>
		<V n="STATUS">0</V>
		<V n="IMAGEFILE"></V>
		<V n="DATAFILE"></V>
		<V n="TEMPLATE IMAGE"></V>
		<V n="MIN_TYPES">0</V>
		<V n="MAX_TYPES">0</V>
		<V n="rules">&lt;in /&gt;&lt;out /&gt;</V>
		<F type="Physician NPI" pos="0" min="0" max="0"/>
		<F type="Date of service" pos="0" min="0" max="0"/>
		<F type="RX number" pos="0" min="0" max="0"/>
		<F type="NDC" pos="0" min="0" max="0"/>
		<F type="Drug name" pos="0" min="0" max="0"/>
		<F type="Drug cost" pos="0" min="0" max="0"/>
		<F type="Signed" pos="0" min="0" max="0"/>
		<F type="Physician name" pos="0" min="0" max="0"/>
		<F type="Compound prescription table" pos="0" min="0" max="0"/>
	</P>
	<P type="StatementTrailing">
		<V n="ID">0</V>
		<V n="TYPE">Page</V>
		<V n="STATUS">0</V>
		<V n="IMAGEFILE"></V>
		<V n="DATAFILE"></V>
		<V n="TEMPLATE IMAGE"></V>
		<V n="MIN_TYPES">0</V>
		<V n="MAX_TYPES">0</V>
		<V n="rules">&lt;in /&gt;&lt;out /&gt;</V>
	</P>
	<P type="UtilityBill">
		<V n="ID">0</V>
		<V n="TYPE">Page</V>
		<V n="STATUS">0</V>
		<V n="IMAGEFILE"></V>
		<V n="DATAFILE"></V>
		<V n="TEMPLATE IMAGE"></V>
		<V n="MIN_TYPES">0</V>
		<V n="MAX_TYPES">0</V>
		<V n="rules">&lt;in /&gt;&lt;out /&gt;</V>
		<F type="AccountNumber" pos="0" min="0" max="0"/>
		<F type="CustomerName" pos="0" min="0" max="0"/>
		<F type="ServiceAddress" pos="0" min="0" max="0"/>
		<F type="DueDate" pos="0" min="0" max="0"/>
		<F type="PreviousBalance" pos="0" min="0" max="0"/>
		<F type="PaymentReceived" pos="0" min="0" max="0"/>
		<F type="TotalAmountDue" pos="0" min="0" max="0"/>
		<F type="UtilityCompanyName" pos="0" min="0" max="0"/>
	</P>
	<F type="Frequency_OMR1">
		<V n="ID">0</V>
		<V n="TYPE">Field</V>
		<V n="STATUS">0</V>
		<V n="MIN_TYPES">0</V>
		<V n="MAX_TYPES">0</V>
		<V n="length"></V>
		<V n="ReqConf">8</V>
		<V n="rules">&lt;in /&gt;&lt;out /&gt;</V>
		<V n="RecogType">4</V>
		<F type="Frequency_OMR1_OMR1" pos="0" min="0" max="0"/>
	</F>
	<F type="Signature_OMR1">
		<V n="ID">0</V>
		<V n="TYPE">Field</V>
		<V n="STATUS">0</V>
		<V n="MIN_TYPES">0</V>
		<V n="MAX_TYPES">0</V>
		<V n="length"></V>
		<V n="ReqConf">8</V>
		<V n="rules">&lt;in /&gt;&lt;out /&gt;</V>
	</F>
	<F type="Frequency_OMR1_OMR1">
		<V n="ID">0</V>
		<V n="TYPE">Field</V>
		<V n="STATUS">0</V>
		<V n="MIN_TYPES">0</V>
		<V n="MAX_TYPES">0</V>
		<V n="length"></V>
		<V n="ReqConf">8</V>
		<V n="rules">&lt;in /&gt;&lt;out /&gt;</V>
	</F>
	<F type="Cardholder identification">
		<V n="ID">0</V>
		<V n="TYPE">Field</V>
		<V n="STATUS">0</V>
		<V n="Position">0,0,0,0</V>
		<V n="MIN_TYPES">0</V>
		<V n="MAX_TYPES">0</V>
		<V n="length"></V>
		<V n="ReqConf">8</V>
		<V n="rules">&lt;in /&gt;&lt;out /&gt;</V>
	</F>
	<F type="Group number">
		<V n="ID">0</V>
		<V n="TYPE">Field</V>
		<V n="STATUS">0</V>
		<V n="Position">0,0,0,0</V>
		<V n="MIN_TYPES">0</V>
		<V n="MAX_TYPES">0</V>
		<V n="length"></V>
		<V n="ReqConf">8</V>
		<V n="rules">&lt;in /&gt;&lt;out /&gt;</V>
	</F>
	<F type="Cardholder name">
		<V n="ID">0</V>
		<V n="TYPE">Field</V>
		<V n="STATUS">0</V>
		<V n="Position">0,0,0,0</V>
		<V n="MIN_TYPES">0</V>
		<V n="MAX_TYPES">0</V>
		<V n="length"></V>
		<V n="ReqConf">8</V>
		<V n="rules">&lt;in /&gt;&lt;out /&gt;</V>
	</F>
	<F type="Street address">
		<V n="ID">0</V>
		<V n="TYPE">Field</V>
		<V n="STATUS">0</V>
		<V n="Position">0,0,0,0</V>
		<V n="MIN_TYPES">0</V>
		<V n="MAX_TYPES">0</V>
		<V n="length"></V>
		<V n="ReqConf">8</V>
		<V n="rules">&lt;in /&gt;&lt;out /&gt;</V>
	</F>
	<F type="Date of birth">
		<V n="ID">0</V>
		<V n="TYPE">Field</V>
		<V n="STATUS">0</V>
		<V n="Position">0,0,0,0</V>
		<V n="MIN_TYPES">0</V>
		<V n="MAX_TYPES">0</V>
		<V n="length"></V>
		<V n="ReqConf">8</V>
		<V n="rules">&lt;in /&gt;&lt;out /&gt;</V>
	</F>
	<F type="City">
		<V n="ID">0</V>
		<V n="TYPE">Field</V>
		<V n="STATUS">0</V>
		<V n="Position">0,0,0,0</V>
		<V n="MIN_TYPES">0</V>
		<V n="MAX_TYPES">0</V>
		<V n="length"></V>
		<V n="ReqConf">8</V>
		<V n="rules">&lt;in /&gt;&lt;out /&gt;</V>
	</F>
	<F type="State">
		<V n="ID">0</V>
		<V n="TYPE">Field</V>
		<V n="STATUS">0</V>
		<V n="Position">0,0,0,0</V>
		<V n="MIN_TYPES">0</V>
		<V n="MAX_TYPES">0</V>
		<V n="length"></V>
		<V n="ReqConf">8</V>
		<V n="rules">&lt;in /&gt;&lt;out /&gt;</V>
	</F>
	<F type="Zip code">
		<V n="ID">0</V>
		<V n="TYPE">Field</V>
		<V n="STATUS">0</V>
		<V n="Position">0,0,0,0</V>
		<V n="MIN_TYPES">0</V>
		<V n="MAX_TYPES">0</V>
		<V n="length"></V>
		<V n="ReqConf">8</V>
		<V n="rules">&lt;in /&gt;&lt;out /&gt;</V>
	</F>
	<F type="Pharmacy name">
		<V n="ID">0</V>
		<V n="TYPE">Field</V>
		<V n="STATUS">0</V>
		<V n="Position">0,0,0,0</V>
		<V n="MIN_TYPES">0</V>
		<V n="MAX_TYPES">0</V>
		<V n="length"></V>
		<V n="ReqConf">8</V>
		<V n="rules">&lt;in /&gt;&lt;out /&gt;</V>
	</F>
	<F type="Pharmacy NPI">
		<V n="ID">0</V>
		<V n="TYPE">Field</V>
		<V n="STATUS">0</V>
		<V n="Position">0,0,0,0</V>
		<V n="MIN_TYPES">0</V>
		<V n="MAX_TYPES">0</V>
		<V n="length"></V>
		<V n="ReqConf">8</V>
		<V n="rules">&lt;in /&gt;&lt;out /&gt;</V>
	</F>
	<F type="A - Traveled outside checkbox">
		<V n="ID">0</V>
		<V n="TYPE">Field</V>
		<V n="STATUS">0</V>
		<V n="Position">0,0,0,0</V>
		<V n="MIN_TYPES">0</V>
		<V n="MAX_TYPES">0</V>
		<V n="length"></V>
		<V n="ReqConf">8</V>
		<V n="rules">&lt;in /&gt;&lt;out /&gt;</V>
	</F>
	<F type="B - Unable to obtain medication checkbox">
		<V n="ID">0</V>
		<V n="TYPE">Field</V>
		<V n="STATUS">0</V>
		<V n="Position">0,0,0,0</V>
		<V n="MIN_TYPES">0</V>
		<V n="MAX_TYPES">0</V>
		<V n="length"></V>
		<V n="ReqConf">8</V>
		<V n="rules">&lt;in /&gt;&lt;out /&gt;</V>
	</F>
	<F type="C - Medication not stocked - Checkbox">
		<V n="ID">0</V>
		<V n="TYPE">Field</V>
		<V n="STATUS">0</V>
		<V n="Position">0,0,0,0</V>
		<V n="MIN_TYPES">0</V>
		<V n="MAX_TYPES">0</V>
		<V n="length"></V>
		<V n="ReqConf">8</V>
		<V n="rules">&lt;in /&gt;&lt;out /&gt;</V>
	</F>
	<F type="D - Patient in emergency checkbox">
		<V n="ID">0</V>
		<V n="TYPE">Field</V>
		<V n="STATUS">0</V>
		<V n="Position">0,0,0,0</V>
		<V n="MIN_TYPES">0</V>
		<V n="MAX_TYPES">0</V>
		<V n="length"></V>
		<V n="ReqConf">8</V>
		<V n="rules">&lt;in /&gt;&lt;out /&gt;</V>
	</F>
	<F type="E - Received vaccine checkbox">
		<V n="ID">0</V>
		<V n="TYPE">Field</V>
		<V n="STATUS">0</V>
		<V n="Position">0,0,0,0</V>
		<V n="MIN_TYPES">0</V>
		<V n="MAX_TYPES">0</V>
		<V n="length"></V>
		<V n="ReqConf">8</V>
		<V n="rules">&lt;in /&gt;&lt;out /&gt;</V>
	</F>
	<F type="F - Health emergency checkbox">
		<V n="ID">0</V>
		<V n="TYPE">Field</V>
		<V n="STATUS">0</V>
		<V n="Position">0,0,0,0</V>
		<V n="MIN_TYPES">0</V>
		<V n="MAX_TYPES">0</V>
		<V n="length"></V>
		<V n="ReqConf">8</V>
		<V n="rules">&lt;in /&gt;&lt;out /&gt;</V>
	</F>
	<F type="Physician NPI">
		<V n="ID">0</V>
		<V n="TYPE">Field</V>
		<V n="STATUS">0</V>
		<V n="Position">0,0,0,0</V>
		<V n="MIN_TYPES">0</V>
		<V n="MAX_TYPES">0</V>
		<V n="length"></V>
		<V n="ReqConf">8</V>
		<V n="rules">&lt;in /&gt;&lt;out /&gt;</V>
	</F>
	<F type="Date of service">
		<V n="ID">0</V>
		<V n="TYPE">Field</V>
		<V n="STATUS">0</V>
		<V n="Position">0,0,0,0</V>
		<V n="MIN_TYPES">0</V>
		<V n="MAX_TYPES">0</V>
		<V n="length"></V>
		<V n="ReqConf">8</V>
		<V n="rules">&lt;in /&gt;&lt;out /&gt;</V>
	</F>
	<F type="RX number">
		<V n="ID">0</V>
		<V n="TYPE">Field</V>
		<V n="STATUS">0</V>
		<V n="Position">0,0,0,0</V>
		<V n="MIN_TYPES">0</V>
		<V n="MAX_TYPES">0</V>
		<V n="length"></V>
		<V n="ReqConf">8</V>
		<V n="rules">&lt;in /&gt;&lt;out /&gt;</V>
	</F>
	<F type="NDC">
		<V n="ID">0</V>
		<V n="TYPE">Field</V>
		<V n="STATUS">0</V>
		<V n="Position">0,0,0,0</V>
		<V n="MIN_TYPES">0</V>
		<V n="MAX_TYPES">0</V>
		<V n="length"></V>
		<V n="ReqConf">8</V>
		<V n="rules">&lt;in /&gt;&lt;out /&gt;</V>
	</F>
	<F type="Drug name">
		<V n="ID">0</V>
		<V n="TYPE">Field</V>
		<V n="STATUS">0</V>
		<V n="Position">0,0,0,0</V>
		<V n="MIN_TYPES">0</V>
		<V n="MAX_TYPES">0</V>
		<V n="length"></V>
		<V n="ReqConf">8</V>
		<V n="rules">&lt;in /&gt;&lt;out /&gt;</V>
	</F>
	<F type="Drug cost">
		<V n="ID">0</V>
		<V n="TYPE">Field</V>
		<V n="STATUS">0</V>
		<V n="Position">0,0,0,0</V>
		<V n="MIN_TYPES">0</V>
		<V n="MAX_TYPES">0</V>
		<V n="length"></V>
		<V n="ReqConf">8</V>
		<V n="rules">&lt;in /&gt;&lt;out /&gt;</V>
	</F>
	<F type="Signed">
		<V n="ID">0</V>
		<V n="TYPE">Field</V>
		<V n="STATUS">0</V>
		<V n="Position">0,0,0,0</V>
		<V n="MIN_TYPES">0</V>
		<V n="MAX_TYPES">0</V>
		<V n="length"></V>
		<V n="ReqConf">8</V>
		<V n="rules">&lt;in /&gt;&lt;out /&gt;</V>
	</F>
	<F type="Physician name">
		<V n="ID">0</V>
		<V n="TYPE">Field</V>
		<V n="STATUS">0</V>
		<V n="Position">0,0,0,0</V>
		<V n="MIN_TYPES">0</V>
		<V n="MAX_TYPES">0</V>
		<V n="length"></V>
		<V n="ReqConf">8</V>
		<V n="rules">&lt;in /&gt;&lt;out /&gt;</V>
	</F>
	<F type="Compound prescription table">
		<V n="ID">0</V>
		<V n="TYPE">Field</V>
		<V n="STATUS">0</V>
		<V n="Position">0,0,0,0</V>
		<V n="MIN_TYPES">0</V>
		<V n="MAX_TYPES">0</V>
		<V n="length"></V>
		<V n="ReqConf">8</V>
		<V n="rules">&lt;in /&gt;&lt;out /&gt;</V>
	</F>
	<F type="Accountnumber">
		<V n="ID">0</V>
		<V n="TYPE">Field</V>
		<V n="STATUS">0</V>
		<V n="Position">0,0,0,0</V>
		<V n="MIN_TYPES">0</V>
		<V n="MAX_TYPES">0</V>
		<V n="length"></V>
		<V n="ReqConf">8</V>
		<V n="rules">&lt;in&gt;&lt;r id=&quot;11&quot; rs=&quot;6&quot; /&gt;&lt;/in&gt;&lt;out /&gt;</V>
	</F>
	<F type="AccountNumber">
		<V n="ID">0</V>
		<V n="TYPE">Field</V>
		<V n="STATUS">0</V>
		<V n="Position">0,0,0,0</V>
		<V n="MIN_TYPES">0</V>
		<V n="MAX_TYPES">0</V>
		<V n="length"></V>
		<V n="ReqConf">8</V>
		<V n="rules">&lt;in&gt;&lt;r id=&quot;11&quot; rs=&quot;6&quot; /&gt;&lt;/in&gt;&lt;out /&gt;</V>
	</F>
	<F type="CustomerName">
		<V n="ID">0</V>
		<V n="TYPE">Field</V>
		<V n="STATUS">0</V>
		<V n="Position">0,0,0,0</V>
		<V n="MIN_TYPES">0</V>
		<V n="MAX_TYPES">0</V>
		<V n="length"></V>
		<V n="ReqConf">8</V>
		<V n="rules">&lt;in /&gt;&lt;out /&gt;</V>
	</F>
	<F type="ServiceAddress">
		<V n="ID">0</V>
		<V n="TYPE">Field</V>
		<V n="STATUS">0</V>
		<V n="Position">0,0,0,0</V>
		<V n="MIN_TYPES">0</V>
		<V n="MAX_TYPES">0</V>
		<V n="length"></V>
		<V n="ReqConf">8</V>
		<V n="rules">&lt;in&gt;&lt;r id=&quot;13&quot; rs=&quot;6&quot; /&gt;&lt;/in&gt;&lt;out /&gt;</V>
	</F>
	<F type="DueDate">
		<V n="ID">0</V>
		<V n="TYPE">Field</V>
		<V n="STATUS">0</V>
		<V n="Position">0,0,0,0</V>
		<V n="MIN_TYPES">0</V>
		<V n="MAX_TYPES">0</V>
		<V n="length"></V>
		<V n="ReqConf">8</V>
		<V n="rules">&lt;in&gt;&lt;r id=&quot;9&quot; rs=&quot;6&quot; /&gt;&lt;/in&gt;&lt;out /&gt;</V>
	</F>
	<F type="PreviousBalance">
		<V n="ID">0</V>
		<V n="TYPE">Field</V>
		<V n="STATUS">0</V>
		<V n="Position">0,0,0,0</V>
		<V n="MIN_TYPES">0</V>
		<V n="MAX_TYPES">0</V>
		<V n="length"></V>
		<V n="ReqConf">8</V>
		<V n="rules">&lt;in&gt;&lt;r id=&quot;5&quot; rs=&quot;6&quot; /&gt;&lt;/in&gt;&lt;out /&gt;</V>
	</F>
	<F type="PaymentReceived">
		<V n="ID">0</V>
		<V n="TYPE">Field</V>
		<V n="STATUS">0</V>
		<V n="Position">0,0,0,0</V>
		<V n="MIN_TYPES">0</V>
		<V n="MAX_TYPES">0</V>
		<V n="length"></V>
		<V n="ReqConf">8</V>
		<V n="rules">&lt;in&gt;&lt;r id=&quot;5&quot; rs=&quot;6&quot; /&gt;&lt;/in&gt;&lt;out /&gt;</V>
	</F>
	<F type="TotalAmountDue">
		<V n="ID">0</V>
		<V n="TYPE">Field</V>
		<V n="STATUS">0</V>
		<V n="Position">0,0,0,0</V>
		<V n="MIN_TYPES">0</V>
		<V n="MAX_TYPES">0</V>
		<V n="length"></V>
		<V n="ReqConf">8</V>
		<V n="rules">&lt;in&gt;&lt;r id=&quot;5&quot; rs=&quot;6&quot; /&gt;&lt;/in&gt;&lt;out /&gt;</V>
	</F>
	<F type="UtilityCompanyName">
		<V n="ID">0</V>
		<V n="TYPE">Field</V>
		<V n="STATUS">0</V>
		<V n="Position">0,0,0,0</V>
		<V n="MIN_TYPES">0</V>
		<V n="MAX_TYPES">0</V>
		<V n="length"></V>
		<V n="ReqConf">8</V>
		<V n="rules">&lt;in /&gt;&lt;out /&gt;</V>
	</F>
</S>
