{
	"aca_base_url": null,
	"adp_project_id": "5554e43f-fb38-4cf2-b5a3-db6274cb3b23!!",
	"analyze_target": "/adp/aca/v1/projects/5554e43f-fb38-4cf2-b5a3-db6274cb3b23/analyzers",
	"client_id": null,
	"client_secret": null,
	"field_suffix": null,
	"json_options": "ocr,dc,kvp,sn,hr,th,mt,ai,ds",
	"login_target": "/v1/preauth/validateAuth",
	"multiThreading": "false",
	"output_directory_path": "C:/Temp/StandaloneADP",
	"output_options": "json",
	"timeout_in_minutes": null,
	"ums_base_url": null,
	"ums_password": null,
	"ums_username": null,
	"verify_token_target": "/usermgmt/v1/user/currentUserInfo",
	"zen_base_url": "https://cpd-adp-sales.cp4ba-prod-na-01-sales-b9aa1303e037748136e24e1f282ebee9-0000.us-east.containers.appdomain.cloud",
	"zen_password": "[[cQA67SQGmXLSYK+fIZbrIA==]]",
	"zen_username": "cp4badmin"
}